-- ─── Unidades de medición ─────────────────────────────────────────────────────
INSERT INTO contaminante_unidades (id_medicion, notacion, nombre, created_at, updated_at) VALUES
(1, 'µg/m³', 'Microgramos por metro cúbico', NOW(), NOW());

-- ─── Contaminantes (nomenclatura debe coincidir con la lógica del IrsaService) ─
INSERT INTO contaminante_parametro (id_contaminante, nomenclatura, nombre, id_medicion, created_at, updated_at) VALUES
(1, 'NO2',   'Dióxido de Nitrógeno',          1, NOW(), NOW()),
(2, 'O3',    'Ozono',                          1, NOW(), NOW()),
(3, 'PM2.5', 'Partículas menores a 2.5 µm',   1, NOW(), NOW());

-- ─── Alcaldías CDMX (índice de rezago social CONEVAL 2020) ────────────────────
INSERT INTO alcaldias (id_alcaldia, nombre, indice_rezago_social, nivel_rezago, created_at, updated_at) VALUES
(1,  'Álvaro Obregón',          -0.37, 'BAJO',    NOW(), NOW()),
(2,  'Azcapotzalco',            -0.58, 'BAJO',    NOW(), NOW()),
(3,  'Benito Juárez',           -1.89, 'BAJO',    NOW(), NOW()),
(4,  'Coyoacán',                -0.55, 'BAJO',    NOW(), NOW()),
(5,  'Cuajimalpa',              -0.48, 'BAJO',    NOW(), NOW()),
(6,  'Cuauhtémoc',              -0.62, 'BAJO',    NOW(), NOW()),
(7,  'Gustavo A. Madero',        0.31, 'MEDIO',   NOW(), NOW()),
(8,  'Iztacalco',               -0.28, 'BAJO',    NOW(), NOW()),
(9,  'Iztapalapa',               0.92, 'ALTO',    NOW(), NOW()),
(10, 'La Magdalena Contreras',   0.19, 'MEDIO',   NOW(), NOW()),
(11, 'Miguel Hidalgo',          -1.31, 'BAJO',    NOW(), NOW()),
(12, 'Milpa Alta',               1.24, 'ALTO',    NOW(), NOW()),
(13, 'Tláhuac',                  0.62, 'MEDIO',   NOW(), NOW()),
(14, 'Tlalpan',                  0.47, 'MEDIO',   NOW(), NOW()),
(15, 'Venustiano Carranza',     -0.21, 'BAJO',    NOW(), NOW()),
(16, 'Xochimilco',               0.69, 'MEDIO',   NOW(), NOW());

-- ─── Estaciones de monitoreo CDMX (fuente: SINAICA / desired_stations.csv) ───
INSERT INTO estacion (id_station, estacion_nombre, id_alcaldia, latitud, longitud) VALUES
('AJU', 'Ajusco',                           14,  19.154286, -99.162611),
('AJM', 'Ajusco Medio',                     14,  19.272161, -99.207744),
('BJU', 'Benito Juarez',                     3,  19.370464, -99.159596),
('CAM', 'Camarones',                         2,  19.468404, -99.169794),
('CCA', 'Centro de Ciencias Atmosfera',      4,  19.326111, -99.176111),
('COY', 'Coyoacan',                          4,  19.350258, -99.157101),
('CUA', 'Cuajimalpa',                        5,  19.365313, -99.291705),
('GAM', 'Gustavo A. Madero',                 7,  19.482700, -99.094517),
('HGM', 'Hospital General de Mexico',        6,  19.411617, -99.152207),
('IZT', 'Iztacalco',                         8,  19.384413, -99.117641),
('MER', 'Merced',                            15, 19.424610, -99.119594),
('MGH', 'Miguel Hidalgo',                    11, 19.404050, -99.202660),
('MPA', 'Milpa Alta',                        12, 19.176900, -98.990189),
('PED', 'Pedregal',                          1,  19.325146, -99.204136),
('SAC', 'Santiago Acahualtepec',             9,  19.345610, -99.009381),
('SFE', 'Santa Fe',                          5,  19.357357, -99.262865),
('SJA', 'San Juan Aragon',                   7,  19.452592, -99.086095),
('TAH', 'Tlahuac',                           13, 19.246459, -99.010564),
('UAX', 'UAM Xochimilco',                    16, 19.304441, -99.103629),
('UIZ', 'UAM Iztapalapa',                    9,  19.360794, -99.073880),
('LMC', 'La Magdalena Contreras',            10, 19.333000, -99.231000);

-- ─── Estaciones meteorológicas ────────────────────────────────────────────────
INSERT INTO estacion_meteorologica (clave_estacion, id_alcaldia, estacion_nombre, latitud, longitud, altitud, clase_estacion, organismo) VALUES
('MET-BJU', 3,  'Meteorológica Benito Juárez',          19.370464, -99.159596, 2249, 'Automática', 'SEDEMA'),
('MET-CAM', 2,  'Meteorológica Azcapotzalco',           19.468404, -99.169794, 2233, 'Automática', 'SEDEMA'),
('MET-GAM', 7,  'Meteorológica Gustavo A. Madero',      19.482700, -99.094517, 2227, 'Automática', 'SEDEMA'),
('MET-HGM', 6,  'Meteorológica Cuauhtémoc',             19.411617, -99.152207, 2234, 'Automática', 'SEDEMA'),
('MET-IZT', 8,  'Meteorológica Iztacalco',              19.384413, -99.117641, 2238, 'Automática', 'SEDEMA'),
('MET-MGH', 11, 'Meteorológica Miguel Hidalgo',         19.404050, -99.202660, 2327, 'Automática', 'SEDEMA'),
('MET-MPA', 12, 'Meteorológica Milpa Alta',             19.176900, -98.990189, 2594, 'Automática', 'SEDEMA'),
('MET-PED', 1,  'Meteorológica Álvaro Obregón',         19.325146, -99.204136, 2326, 'Automática', 'SEDEMA'),
('MET-SAC', 9,  'Meteorológica Iztapalapa',             19.345610, -99.009381, 2293, 'Automática', 'SEDEMA'),
('MET-TAH', 13, 'Meteorológica Tláhuac',                19.246459, -99.010564, 2297, 'Automática', 'SEDEMA'),
('MET-TLA', 14, 'Meteorológica Tlalpan',                19.154286, -99.162611, 2942, 'Automática', 'SEDEMA'),
('MET-COY', 4,  'Meteorológica Coyoacán',              19.350258, -99.157101, 2253, 'Automática', 'SEDEMA'),
('MET-CUA', 5,  'Meteorológica Cuajimalpa',             19.365313, -99.291705, 2680, 'Automática', 'SEDEMA'),
('MET-LMC', 10, 'Meteorológica La Magdalena Contreras', 19.333000, -99.231000, 2500, 'Automática', 'SEDEMA'),
('MET-MER', 15, 'Meteorológica Venustiano Carranza',   19.424610, -99.119594, 2240, 'Automática', 'SEDEMA'),
('MET-XOC', 16, 'Meteorológica Xochimilco',            19.304441, -99.103629, 2260, 'Automática', 'SEDEMA');

-- ─── Mediciones de contaminantes (últimas 24h, valores típicos CDMX µg/m³) ───
INSERT INTO medicion_contaminante (id_station, id_contaminante, fecha, valor_medicion, created_at, updated_at) VALUES
-- Benito Juárez: calidad buena
('BJU', 1, DATE_SUB(NOW(), INTERVAL 2 HOUR),  38.5, NOW(), NOW()),
('BJU', 2, DATE_SUB(NOW(), INTERVAL 2 HOUR),  52.0, NOW(), NOW()),
('BJU', 3, DATE_SUB(NOW(), INTERVAL 2 HOUR),  14.2, NOW(), NOW()),
-- Azcapotzalco: zona industrial, calidad moderada-mala
('CAM', 1, DATE_SUB(NOW(), INTERVAL 2 HOUR),  88.3, NOW(), NOW()),
('CAM', 2, DATE_SUB(NOW(), INTERVAL 2 HOUR),  76.5, NOW(), NOW()),
('CAM', 3, DATE_SUB(NOW(), INTERVAL 2 HOUR),  35.8, NOW(), NOW()),
-- Coyoacán: calidad moderada
('CCA', 1, DATE_SUB(NOW(), INTERVAL 2 HOUR),  55.7, NOW(), NOW()),
('CCA', 2, DATE_SUB(NOW(), INTERVAL 2 HOUR),  70.3, NOW(), NOW()),
('CCA', 3, DATE_SUB(NOW(), INTERVAL 2 HOUR),  22.1, NOW(), NOW()),
('COY', 1, DATE_SUB(NOW(), INTERVAL 3 HOUR),  58.2, NOW(), NOW()),
('COY', 3, DATE_SUB(NOW(), INTERVAL 3 HOUR),  24.8, NOW(), NOW()),
-- Cuajimalpa: calidad buena-moderada
('CUA', 1, DATE_SUB(NOW(), INTERVAL 2 HOUR),  36.2, NOW(), NOW()),
('CUA', 2, DATE_SUB(NOW(), INTERVAL 2 HOUR),  55.8, NOW(), NOW()),
('CUA', 3, DATE_SUB(NOW(), INTERVAL 2 HOUR),  15.4, NOW(), NOW()),
('SFE', 1, DATE_SUB(NOW(), INTERVAL 3 HOUR),  40.1, NOW(), NOW()),
('SFE', 3, DATE_SUB(NOW(), INTERVAL 3 HOUR),  17.2, NOW(), NOW()),
-- Cuauhtémoc: calidad moderada (zona de mucho tráfico)
('HGM', 1, DATE_SUB(NOW(), INTERVAL 1 HOUR),  72.5, NOW(), NOW()),
('HGM', 2, DATE_SUB(NOW(), INTERVAL 1 HOUR),  85.0, NOW(), NOW()),
('HGM', 3, DATE_SUB(NOW(), INTERVAL 1 HOUR),  33.6, NOW(), NOW()),
-- Gustavo A. Madero: calidad moderada
('GAM', 1, DATE_SUB(NOW(), INTERVAL 2 HOUR),  65.4, NOW(), NOW()),
('GAM', 2, DATE_SUB(NOW(), INTERVAL 2 HOUR),  78.2, NOW(), NOW()),
('GAM', 3, DATE_SUB(NOW(), INTERVAL 2 HOUR),  28.6, NOW(), NOW()),
('SJA', 1, DATE_SUB(NOW(), INTERVAL 3 HOUR),  61.0, NOW(), NOW()),
('SJA', 3, DATE_SUB(NOW(), INTERVAL 3 HOUR),  31.5, NOW(), NOW()),
-- Iztacalco: calidad moderada
('IZT', 1, DATE_SUB(NOW(), INTERVAL 2 HOUR),  68.4, NOW(), NOW()),
('IZT', 3, DATE_SUB(NOW(), INTERVAL 2 HOUR),  27.3, NOW(), NOW()),
-- Iztapalapa: calidad mala (mayor densidad poblacional y tráfico)
('SAC', 1, DATE_SUB(NOW(), INTERVAL 3 HOUR),  78.3, NOW(), NOW()),
('SAC', 2, DATE_SUB(NOW(), INTERVAL 3 HOUR),  95.1, NOW(), NOW()),
('SAC', 3, DATE_SUB(NOW(), INTERVAL 3 HOUR),  38.7, NOW(), NOW()),
('UIZ', 1, DATE_SUB(NOW(), INTERVAL 4 HOUR),  82.0, NOW(), NOW()),
('UIZ', 3, DATE_SUB(NOW(), INTERVAL 4 HOUR),  42.3, NOW(), NOW()),
-- Miguel Hidalgo: calidad buena
('MGH', 1, DATE_SUB(NOW(), INTERVAL 1 HOUR),  42.1, NOW(), NOW()),
('MGH', 2, DATE_SUB(NOW(), INTERVAL 1 HOUR),  58.4, NOW(), NOW()),
('MGH', 3, DATE_SUB(NOW(), INTERVAL 1 HOUR),  16.8, NOW(), NOW()),
-- Milpa Alta: calidad muy buena (zona rural/boscosa)
('MPA', 1, DATE_SUB(NOW(), INTERVAL 2 HOUR),  25.3, NOW(), NOW()),
('MPA', 2, DATE_SUB(NOW(), INTERVAL 2 HOUR),  44.7, NOW(), NOW()),
('MPA', 3, DATE_SUB(NOW(), INTERVAL 2 HOUR),  10.5, NOW(), NOW()),
-- Álvaro Obregón: calidad buena
('PED', 1, DATE_SUB(NOW(), INTERVAL 1 HOUR),  44.6, NOW(), NOW()),
('PED', 2, DATE_SUB(NOW(), INTERVAL 1 HOUR),  63.2, NOW(), NOW()),
('PED', 3, DATE_SUB(NOW(), INTERVAL 1 HOUR),  18.9, NOW(), NOW()),
-- Tláhuac: calidad moderada
('TAH', 1, DATE_SUB(NOW(), INTERVAL 2 HOUR),  60.1, NOW(), NOW()),
('TAH', 3, DATE_SUB(NOW(), INTERVAL 2 HOUR),  29.4, NOW(), NOW()),
-- Tlalpan: calidad buena (zona boscosa)
('AJU', 1, DATE_SUB(NOW(), INTERVAL 2 HOUR),  28.5, NOW(), NOW()),
('AJU', 2, DATE_SUB(NOW(), INTERVAL 2 HOUR),  40.3, NOW(), NOW()),
('AJU', 3, DATE_SUB(NOW(), INTERVAL 2 HOUR),  11.8, NOW(), NOW()),
('AJM', 1, DATE_SUB(NOW(), INTERVAL 3 HOUR),  30.2, NOW(), NOW()),
('AJM', 3, DATE_SUB(NOW(), INTERVAL 3 HOUR),  12.5, NOW(), NOW()),
-- Venustiano Carranza: calidad moderada
('MER', 1, DATE_SUB(NOW(), INTERVAL 2 HOUR),  59.7, NOW(), NOW()),
('MER', 3, DATE_SUB(NOW(), INTERVAL 2 HOUR),  26.1, NOW(), NOW()),
-- Xochimilco (UAX reasignado a Xochimilco id=16)
('UAX', 1, DATE_SUB(NOW(), INTERVAL 2 HOUR),  32.8, NOW(), NOW()),
('UAX', 2, DATE_SUB(NOW(), INTERVAL 2 HOUR),  48.1, NOW(), NOW()),
('UAX', 3, DATE_SUB(NOW(), INTERVAL 2 HOUR),  13.7, NOW(), NOW()),
-- La Magdalena Contreras (zona boscosa, calidad muy buena)
('LMC', 1, DATE_SUB(NOW(), INTERVAL 2 HOUR),  22.4, NOW(), NOW()),
('LMC', 2, DATE_SUB(NOW(), INTERVAL 2 HOUR),  35.6, NOW(), NOW()),
('LMC', 3, DATE_SUB(NOW(), INTERVAL 2 HOUR),   9.1, NOW(), NOW());

-- ─── Datos meteorológicos de prueba ──────────────────────────────────────────
INSERT INTO dato_meteorologico (clave_estacion, fecha, humedad_relativa, temperatura_ambiental, direccion_viento, velocidad_viento, created_at, updated_at) VALUES
('MET-BJU', DATE_SUB(NOW(), INTERVAL 1 HOUR), 55.0, 20.5, 180.0, 2.3, NOW(), NOW()),
('MET-CAM', DATE_SUB(NOW(), INTERVAL 1 HOUR), 60.0, 21.3, 150.0, 3.5, NOW(), NOW()),
('MET-GAM', DATE_SUB(NOW(), INTERVAL 1 HOUR), 62.0, 19.8, 200.0, 3.1, NOW(), NOW()),
('MET-HGM', DATE_SUB(NOW(), INTERVAL 1 HOUR), 58.0, 21.0, 170.0, 2.8, NOW(), NOW()),
('MET-IZT', DATE_SUB(NOW(), INTERVAL 1 HOUR), 68.0, 22.1, 120.0, 1.8, NOW(), NOW()),
('MET-MGH', DATE_SUB(NOW(), INTERVAL 1 HOUR), 50.0, 18.9, 160.0, 2.7, NOW(), NOW()),
('MET-MPA', DATE_SUB(NOW(), INTERVAL 1 HOUR), 72.0, 16.2, 240.0, 4.5, NOW(), NOW()),
('MET-PED', DATE_SUB(NOW(), INTERVAL 1 HOUR), 52.0, 19.5, 190.0, 2.1, NOW(), NOW()),
('MET-SAC', DATE_SUB(NOW(), INTERVAL 1 HOUR), 70.0, 23.4, 100.0, 1.5, NOW(), NOW()),
('MET-TAH', DATE_SUB(NOW(), INTERVAL 1 HOUR), 75.0, 21.8, 130.0, 2.0, NOW(), NOW()),
('MET-TLA', DATE_SUB(NOW(), INTERVAL 1 HOUR), 80.0, 15.1, 260.0, 5.2, NOW(), NOW()),
('MET-COY', DATE_SUB(NOW(), INTERVAL 1 HOUR), 65.0, 20.2, 175.0, 2.4, NOW(), NOW()),
('MET-CUA', DATE_SUB(NOW(), INTERVAL 1 HOUR), 69.0, 17.8, 220.0, 3.8, NOW(), NOW()),
('MET-LMC', DATE_SUB(NOW(), INTERVAL 1 HOUR), 76.0, 17.5, 230.0, 4.0, NOW(), NOW()),
('MET-MER', DATE_SUB(NOW(), INTERVAL 1 HOUR), 52.0, 22.3, 140.0, 2.0, NOW(), NOW()),
('MET-XOC', DATE_SUB(NOW(), INTERVAL 1 HOUR), 78.0, 20.8, 160.0, 1.9, NOW(), NOW());

-- ─── Historial IRSA — 12 meses × 16 alcaldías ────────────────────────────────
-- Patrón estacional CDMX: inversión térmica más severa en otoño (+0.04 a -4m),
-- mejora en primavera (-0.03 a -2m), valores base calculados del IrsaEngine.
-- Columnas: id_alcaldia, valor_irsa, nivel_riesgo, fecha_calculo, origen_calculo, created_at, updated_at
INSERT INTO irsa (id_alcaldia, valor_irsa, nivel_riesgo, fecha_calculo, origen_calculo, created_at, updated_at) VALUES
-- Álvaro Obregón (1) base≈0.21
(1, 0.21,'BAJO',    NOW(),                              'SCHEDULER', NOW(), NOW()),
(1, 0.19,'BAJO',    DATE_SUB(NOW(), INTERVAL  1 MONTH), 'SCHEDULER', NOW(), NOW()),
(1, 0.18,'BAJO',    DATE_SUB(NOW(), INTERVAL  2 MONTH), 'SCHEDULER', NOW(), NOW()),
(1, 0.23,'BAJO',    DATE_SUB(NOW(), INTERVAL  3 MONTH), 'SCHEDULER', NOW(), NOW()),
(1, 0.25,'BAJO',    DATE_SUB(NOW(), INTERVAL  4 MONTH), 'SCHEDULER', NOW(), NOW()),
(1, 0.24,'BAJO',    DATE_SUB(NOW(), INTERVAL  5 MONTH), 'SCHEDULER', NOW(), NOW()),
(1, 0.21,'BAJO',    DATE_SUB(NOW(), INTERVAL  6 MONTH), 'SCHEDULER', NOW(), NOW()),
(1, 0.20,'BAJO',    DATE_SUB(NOW(), INTERVAL  7 MONTH), 'SCHEDULER', NOW(), NOW()),
(1, 0.19,'BAJO',    DATE_SUB(NOW(), INTERVAL  8 MONTH), 'SCHEDULER', NOW(), NOW()),
(1, 0.20,'BAJO',    DATE_SUB(NOW(), INTERVAL  9 MONTH), 'SCHEDULER', NOW(), NOW()),
(1, 0.20,'BAJO',    DATE_SUB(NOW(), INTERVAL 10 MONTH), 'SCHEDULER', NOW(), NOW()),
(1, 0.22,'BAJO',    DATE_SUB(NOW(), INTERVAL 11 MONTH), 'SCHEDULER', NOW(), NOW()),
-- Azcapotzalco (2) base≈0.34
(2, 0.34,'MODERADO',NOW(),                              'SCHEDULER', NOW(), NOW()),
(2, 0.32,'MODERADO',DATE_SUB(NOW(), INTERVAL  1 MONTH), 'SCHEDULER', NOW(), NOW()),
(2, 0.31,'MODERADO',DATE_SUB(NOW(), INTERVAL  2 MONTH), 'SCHEDULER', NOW(), NOW()),
(2, 0.36,'MODERADO',DATE_SUB(NOW(), INTERVAL  3 MONTH), 'SCHEDULER', NOW(), NOW()),
(2, 0.38,'MODERADO',DATE_SUB(NOW(), INTERVAL  4 MONTH), 'SCHEDULER', NOW(), NOW()),
(2, 0.37,'MODERADO',DATE_SUB(NOW(), INTERVAL  5 MONTH), 'SCHEDULER', NOW(), NOW()),
(2, 0.34,'MODERADO',DATE_SUB(NOW(), INTERVAL  6 MONTH), 'SCHEDULER', NOW(), NOW()),
(2, 0.33,'MODERADO',DATE_SUB(NOW(), INTERVAL  7 MONTH), 'SCHEDULER', NOW(), NOW()),
(2, 0.32,'MODERADO',DATE_SUB(NOW(), INTERVAL  8 MONTH), 'SCHEDULER', NOW(), NOW()),
(2, 0.33,'MODERADO',DATE_SUB(NOW(), INTERVAL  9 MONTH), 'SCHEDULER', NOW(), NOW()),
(2, 0.33,'MODERADO',DATE_SUB(NOW(), INTERVAL 10 MONTH), 'SCHEDULER', NOW(), NOW()),
(2, 0.35,'MODERADO',DATE_SUB(NOW(), INTERVAL 11 MONTH), 'SCHEDULER', NOW(), NOW()),
-- Benito Juárez (3) base≈0.19
(3, 0.19,'BAJO',    NOW(),                              'SCHEDULER', NOW(), NOW()),
(3, 0.17,'BAJO',    DATE_SUB(NOW(), INTERVAL  1 MONTH), 'SCHEDULER', NOW(), NOW()),
(3, 0.16,'BAJO',    DATE_SUB(NOW(), INTERVAL  2 MONTH), 'SCHEDULER', NOW(), NOW()),
(3, 0.21,'BAJO',    DATE_SUB(NOW(), INTERVAL  3 MONTH), 'SCHEDULER', NOW(), NOW()),
(3, 0.23,'BAJO',    DATE_SUB(NOW(), INTERVAL  4 MONTH), 'SCHEDULER', NOW(), NOW()),
(3, 0.22,'BAJO',    DATE_SUB(NOW(), INTERVAL  5 MONTH), 'SCHEDULER', NOW(), NOW()),
(3, 0.19,'BAJO',    DATE_SUB(NOW(), INTERVAL  6 MONTH), 'SCHEDULER', NOW(), NOW()),
(3, 0.18,'BAJO',    DATE_SUB(NOW(), INTERVAL  7 MONTH), 'SCHEDULER', NOW(), NOW()),
(3, 0.17,'BAJO',    DATE_SUB(NOW(), INTERVAL  8 MONTH), 'SCHEDULER', NOW(), NOW()),
(3, 0.18,'BAJO',    DATE_SUB(NOW(), INTERVAL  9 MONTH), 'SCHEDULER', NOW(), NOW()),
(3, 0.18,'BAJO',    DATE_SUB(NOW(), INTERVAL 10 MONTH), 'SCHEDULER', NOW(), NOW()),
(3, 0.20,'BAJO',    DATE_SUB(NOW(), INTERVAL 11 MONTH), 'SCHEDULER', NOW(), NOW()),
-- Coyoacán (4) base≈0.26
(4, 0.26,'MODERADO',NOW(),                              'SCHEDULER', NOW(), NOW()),
(4, 0.24,'BAJO',    DATE_SUB(NOW(), INTERVAL  1 MONTH), 'SCHEDULER', NOW(), NOW()),
(4, 0.23,'BAJO',    DATE_SUB(NOW(), INTERVAL  2 MONTH), 'SCHEDULER', NOW(), NOW()),
(4, 0.28,'MODERADO',DATE_SUB(NOW(), INTERVAL  3 MONTH), 'SCHEDULER', NOW(), NOW()),
(4, 0.30,'MODERADO',DATE_SUB(NOW(), INTERVAL  4 MONTH), 'SCHEDULER', NOW(), NOW()),
(4, 0.29,'MODERADO',DATE_SUB(NOW(), INTERVAL  5 MONTH), 'SCHEDULER', NOW(), NOW()),
(4, 0.26,'MODERADO',DATE_SUB(NOW(), INTERVAL  6 MONTH), 'SCHEDULER', NOW(), NOW()),
(4, 0.25,'BAJO',    DATE_SUB(NOW(), INTERVAL  7 MONTH), 'SCHEDULER', NOW(), NOW()),
(4, 0.24,'BAJO',    DATE_SUB(NOW(), INTERVAL  8 MONTH), 'SCHEDULER', NOW(), NOW()),
(4, 0.25,'BAJO',    DATE_SUB(NOW(), INTERVAL  9 MONTH), 'SCHEDULER', NOW(), NOW()),
(4, 0.25,'BAJO',    DATE_SUB(NOW(), INTERVAL 10 MONTH), 'SCHEDULER', NOW(), NOW()),
(4, 0.27,'MODERADO',DATE_SUB(NOW(), INTERVAL 11 MONTH), 'SCHEDULER', NOW(), NOW()),
-- Cuajimalpa (5) base≈0.21
(5, 0.21,'BAJO',    NOW(),                              'SCHEDULER', NOW(), NOW()),
(5, 0.19,'BAJO',    DATE_SUB(NOW(), INTERVAL  1 MONTH), 'SCHEDULER', NOW(), NOW()),
(5, 0.18,'BAJO',    DATE_SUB(NOW(), INTERVAL  2 MONTH), 'SCHEDULER', NOW(), NOW()),
(5, 0.23,'BAJO',    DATE_SUB(NOW(), INTERVAL  3 MONTH), 'SCHEDULER', NOW(), NOW()),
(5, 0.25,'BAJO',    DATE_SUB(NOW(), INTERVAL  4 MONTH), 'SCHEDULER', NOW(), NOW()),
(5, 0.24,'BAJO',    DATE_SUB(NOW(), INTERVAL  5 MONTH), 'SCHEDULER', NOW(), NOW()),
(5, 0.21,'BAJO',    DATE_SUB(NOW(), INTERVAL  6 MONTH), 'SCHEDULER', NOW(), NOW()),
(5, 0.20,'BAJO',    DATE_SUB(NOW(), INTERVAL  7 MONTH), 'SCHEDULER', NOW(), NOW()),
(5, 0.19,'BAJO',    DATE_SUB(NOW(), INTERVAL  8 MONTH), 'SCHEDULER', NOW(), NOW()),
(5, 0.20,'BAJO',    DATE_SUB(NOW(), INTERVAL  9 MONTH), 'SCHEDULER', NOW(), NOW()),
(5, 0.20,'BAJO',    DATE_SUB(NOW(), INTERVAL 10 MONTH), 'SCHEDULER', NOW(), NOW()),
(5, 0.22,'BAJO',    DATE_SUB(NOW(), INTERVAL 11 MONTH), 'SCHEDULER', NOW(), NOW()),
-- Cuauhtémoc (6) base≈0.36
(6, 0.36,'MODERADO',NOW(),                              'SCHEDULER', NOW(), NOW()),
(6, 0.34,'MODERADO',DATE_SUB(NOW(), INTERVAL  1 MONTH), 'SCHEDULER', NOW(), NOW()),
(6, 0.33,'MODERADO',DATE_SUB(NOW(), INTERVAL  2 MONTH), 'SCHEDULER', NOW(), NOW()),
(6, 0.38,'MODERADO',DATE_SUB(NOW(), INTERVAL  3 MONTH), 'SCHEDULER', NOW(), NOW()),
(6, 0.40,'MODERADO',DATE_SUB(NOW(), INTERVAL  4 MONTH), 'SCHEDULER', NOW(), NOW()),
(6, 0.39,'MODERADO',DATE_SUB(NOW(), INTERVAL  5 MONTH), 'SCHEDULER', NOW(), NOW()),
(6, 0.36,'MODERADO',DATE_SUB(NOW(), INTERVAL  6 MONTH), 'SCHEDULER', NOW(), NOW()),
(6, 0.35,'MODERADO',DATE_SUB(NOW(), INTERVAL  7 MONTH), 'SCHEDULER', NOW(), NOW()),
(6, 0.34,'MODERADO',DATE_SUB(NOW(), INTERVAL  8 MONTH), 'SCHEDULER', NOW(), NOW()),
(6, 0.35,'MODERADO',DATE_SUB(NOW(), INTERVAL  9 MONTH), 'SCHEDULER', NOW(), NOW()),
(6, 0.35,'MODERADO',DATE_SUB(NOW(), INTERVAL 10 MONTH), 'SCHEDULER', NOW(), NOW()),
(6, 0.37,'MODERADO',DATE_SUB(NOW(), INTERVAL 11 MONTH), 'SCHEDULER', NOW(), NOW()),
-- Gustavo A. Madero (7) base≈0.57
(7, 0.57,'ALTO',    NOW(),                              'SCHEDULER', NOW(), NOW()),
(7, 0.55,'ALTO',    DATE_SUB(NOW(), INTERVAL  1 MONTH), 'SCHEDULER', NOW(), NOW()),
(7, 0.54,'ALTO',    DATE_SUB(NOW(), INTERVAL  2 MONTH), 'SCHEDULER', NOW(), NOW()),
(7, 0.59,'ALTO',    DATE_SUB(NOW(), INTERVAL  3 MONTH), 'SCHEDULER', NOW(), NOW()),
(7, 0.61,'ALTO',    DATE_SUB(NOW(), INTERVAL  4 MONTH), 'SCHEDULER', NOW(), NOW()),
(7, 0.60,'ALTO',    DATE_SUB(NOW(), INTERVAL  5 MONTH), 'SCHEDULER', NOW(), NOW()),
(7, 0.57,'ALTO',    DATE_SUB(NOW(), INTERVAL  6 MONTH), 'SCHEDULER', NOW(), NOW()),
(7, 0.56,'ALTO',    DATE_SUB(NOW(), INTERVAL  7 MONTH), 'SCHEDULER', NOW(), NOW()),
(7, 0.55,'ALTO',    DATE_SUB(NOW(), INTERVAL  8 MONTH), 'SCHEDULER', NOW(), NOW()),
(7, 0.56,'ALTO',    DATE_SUB(NOW(), INTERVAL  9 MONTH), 'SCHEDULER', NOW(), NOW()),
(7, 0.56,'ALTO',    DATE_SUB(NOW(), INTERVAL 10 MONTH), 'SCHEDULER', NOW(), NOW()),
(7, 0.58,'ALTO',    DATE_SUB(NOW(), INTERVAL 11 MONTH), 'SCHEDULER', NOW(), NOW()),
-- Iztacalco (8) base≈0.44
(8, 0.44,'MODERADO',NOW(),                              'SCHEDULER', NOW(), NOW()),
(8, 0.42,'MODERADO',DATE_SUB(NOW(), INTERVAL  1 MONTH), 'SCHEDULER', NOW(), NOW()),
(8, 0.41,'MODERADO',DATE_SUB(NOW(), INTERVAL  2 MONTH), 'SCHEDULER', NOW(), NOW()),
(8, 0.46,'MODERADO',DATE_SUB(NOW(), INTERVAL  3 MONTH), 'SCHEDULER', NOW(), NOW()),
(8, 0.48,'MODERADO',DATE_SUB(NOW(), INTERVAL  4 MONTH), 'SCHEDULER', NOW(), NOW()),
(8, 0.47,'MODERADO',DATE_SUB(NOW(), INTERVAL  5 MONTH), 'SCHEDULER', NOW(), NOW()),
(8, 0.44,'MODERADO',DATE_SUB(NOW(), INTERVAL  6 MONTH), 'SCHEDULER', NOW(), NOW()),
(8, 0.43,'MODERADO',DATE_SUB(NOW(), INTERVAL  7 MONTH), 'SCHEDULER', NOW(), NOW()),
(8, 0.42,'MODERADO',DATE_SUB(NOW(), INTERVAL  8 MONTH), 'SCHEDULER', NOW(), NOW()),
(8, 0.43,'MODERADO',DATE_SUB(NOW(), INTERVAL  9 MONTH), 'SCHEDULER', NOW(), NOW()),
(8, 0.43,'MODERADO',DATE_SUB(NOW(), INTERVAL 10 MONTH), 'SCHEDULER', NOW(), NOW()),
(8, 0.45,'MODERADO',DATE_SUB(NOW(), INTERVAL 11 MONTH), 'SCHEDULER', NOW(), NOW()),
-- Iztapalapa (9) base≈0.65
(9, 0.65,'ALTO',    NOW(),                              'SCHEDULER', NOW(), NOW()),
(9, 0.63,'ALTO',    DATE_SUB(NOW(), INTERVAL  1 MONTH), 'SCHEDULER', NOW(), NOW()),
(9, 0.62,'ALTO',    DATE_SUB(NOW(), INTERVAL  2 MONTH), 'SCHEDULER', NOW(), NOW()),
(9, 0.67,'ALTO',    DATE_SUB(NOW(), INTERVAL  3 MONTH), 'SCHEDULER', NOW(), NOW()),
(9, 0.69,'ALTO',    DATE_SUB(NOW(), INTERVAL  4 MONTH), 'SCHEDULER', NOW(), NOW()),
(9, 0.68,'ALTO',    DATE_SUB(NOW(), INTERVAL  5 MONTH), 'SCHEDULER', NOW(), NOW()),
(9, 0.65,'ALTO',    DATE_SUB(NOW(), INTERVAL  6 MONTH), 'SCHEDULER', NOW(), NOW()),
(9, 0.64,'ALTO',    DATE_SUB(NOW(), INTERVAL  7 MONTH), 'SCHEDULER', NOW(), NOW()),
(9, 0.63,'ALTO',    DATE_SUB(NOW(), INTERVAL  8 MONTH), 'SCHEDULER', NOW(), NOW()),
(9, 0.64,'ALTO',    DATE_SUB(NOW(), INTERVAL  9 MONTH), 'SCHEDULER', NOW(), NOW()),
(9, 0.64,'ALTO',    DATE_SUB(NOW(), INTERVAL 10 MONTH), 'SCHEDULER', NOW(), NOW()),
(9, 0.66,'ALTO',    DATE_SUB(NOW(), INTERVAL 11 MONTH), 'SCHEDULER', NOW(), NOW()),
-- La Magdalena Contreras (10) base≈0.18
(10,0.18,'BAJO',    NOW(),                              'SCHEDULER', NOW(), NOW()),
(10,0.16,'BAJO',    DATE_SUB(NOW(), INTERVAL  1 MONTH), 'SCHEDULER', NOW(), NOW()),
(10,0.15,'BAJO',    DATE_SUB(NOW(), INTERVAL  2 MONTH), 'SCHEDULER', NOW(), NOW()),
(10,0.20,'BAJO',    DATE_SUB(NOW(), INTERVAL  3 MONTH), 'SCHEDULER', NOW(), NOW()),
(10,0.22,'BAJO',    DATE_SUB(NOW(), INTERVAL  4 MONTH), 'SCHEDULER', NOW(), NOW()),
(10,0.21,'BAJO',    DATE_SUB(NOW(), INTERVAL  5 MONTH), 'SCHEDULER', NOW(), NOW()),
(10,0.18,'BAJO',    DATE_SUB(NOW(), INTERVAL  6 MONTH), 'SCHEDULER', NOW(), NOW()),
(10,0.17,'BAJO',    DATE_SUB(NOW(), INTERVAL  7 MONTH), 'SCHEDULER', NOW(), NOW()),
(10,0.16,'BAJO',    DATE_SUB(NOW(), INTERVAL  8 MONTH), 'SCHEDULER', NOW(), NOW()),
(10,0.17,'BAJO',    DATE_SUB(NOW(), INTERVAL  9 MONTH), 'SCHEDULER', NOW(), NOW()),
(10,0.17,'BAJO',    DATE_SUB(NOW(), INTERVAL 10 MONTH), 'SCHEDULER', NOW(), NOW()),
(10,0.19,'BAJO',    DATE_SUB(NOW(), INTERVAL 11 MONTH), 'SCHEDULER', NOW(), NOW()),
-- Miguel Hidalgo (11) base≈0.23
(11,0.23,'BAJO',    NOW(),                              'SCHEDULER', NOW(), NOW()),
(11,0.21,'BAJO',    DATE_SUB(NOW(), INTERVAL  1 MONTH), 'SCHEDULER', NOW(), NOW()),
(11,0.20,'BAJO',    DATE_SUB(NOW(), INTERVAL  2 MONTH), 'SCHEDULER', NOW(), NOW()),
(11,0.25,'BAJO',    DATE_SUB(NOW(), INTERVAL  3 MONTH), 'SCHEDULER', NOW(), NOW()),
(11,0.27,'MODERADO',DATE_SUB(NOW(), INTERVAL  4 MONTH), 'SCHEDULER', NOW(), NOW()),
(11,0.26,'MODERADO',DATE_SUB(NOW(), INTERVAL  5 MONTH), 'SCHEDULER', NOW(), NOW()),
(11,0.23,'BAJO',    DATE_SUB(NOW(), INTERVAL  6 MONTH), 'SCHEDULER', NOW(), NOW()),
(11,0.22,'BAJO',    DATE_SUB(NOW(), INTERVAL  7 MONTH), 'SCHEDULER', NOW(), NOW()),
(11,0.21,'BAJO',    DATE_SUB(NOW(), INTERVAL  8 MONTH), 'SCHEDULER', NOW(), NOW()),
(11,0.22,'BAJO',    DATE_SUB(NOW(), INTERVAL  9 MONTH), 'SCHEDULER', NOW(), NOW()),
(11,0.22,'BAJO',    DATE_SUB(NOW(), INTERVAL 10 MONTH), 'SCHEDULER', NOW(), NOW()),
(11,0.24,'BAJO',    DATE_SUB(NOW(), INTERVAL 11 MONTH), 'SCHEDULER', NOW(), NOW()),
-- Milpa Alta (12) base≈0.14
(12,0.14,'BAJO',    NOW(),                              'SCHEDULER', NOW(), NOW()),
(12,0.12,'BAJO',    DATE_SUB(NOW(), INTERVAL  1 MONTH), 'SCHEDULER', NOW(), NOW()),
(12,0.11,'BAJO',    DATE_SUB(NOW(), INTERVAL  2 MONTH), 'SCHEDULER', NOW(), NOW()),
(12,0.16,'BAJO',    DATE_SUB(NOW(), INTERVAL  3 MONTH), 'SCHEDULER', NOW(), NOW()),
(12,0.18,'BAJO',    DATE_SUB(NOW(), INTERVAL  4 MONTH), 'SCHEDULER', NOW(), NOW()),
(12,0.17,'BAJO',    DATE_SUB(NOW(), INTERVAL  5 MONTH), 'SCHEDULER', NOW(), NOW()),
(12,0.14,'BAJO',    DATE_SUB(NOW(), INTERVAL  6 MONTH), 'SCHEDULER', NOW(), NOW()),
(12,0.13,'BAJO',    DATE_SUB(NOW(), INTERVAL  7 MONTH), 'SCHEDULER', NOW(), NOW()),
(12,0.12,'BAJO',    DATE_SUB(NOW(), INTERVAL  8 MONTH), 'SCHEDULER', NOW(), NOW()),
(12,0.13,'BAJO',    DATE_SUB(NOW(), INTERVAL  9 MONTH), 'SCHEDULER', NOW(), NOW()),
(12,0.13,'BAJO',    DATE_SUB(NOW(), INTERVAL 10 MONTH), 'SCHEDULER', NOW(), NOW()),
(12,0.15,'BAJO',    DATE_SUB(NOW(), INTERVAL 11 MONTH), 'SCHEDULER', NOW(), NOW()),
-- Tláhuac (13) base≈0.47
(13,0.47,'MODERADO',NOW(),                              'SCHEDULER', NOW(), NOW()),
(13,0.45,'MODERADO',DATE_SUB(NOW(), INTERVAL  1 MONTH), 'SCHEDULER', NOW(), NOW()),
(13,0.44,'MODERADO',DATE_SUB(NOW(), INTERVAL  2 MONTH), 'SCHEDULER', NOW(), NOW()),
(13,0.49,'MODERADO',DATE_SUB(NOW(), INTERVAL  3 MONTH), 'SCHEDULER', NOW(), NOW()),
(13,0.51,'ALTO',    DATE_SUB(NOW(), INTERVAL  4 MONTH), 'SCHEDULER', NOW(), NOW()),
(13,0.50,'MODERADO',DATE_SUB(NOW(), INTERVAL  5 MONTH), 'SCHEDULER', NOW(), NOW()),
(13,0.47,'MODERADO',DATE_SUB(NOW(), INTERVAL  6 MONTH), 'SCHEDULER', NOW(), NOW()),
(13,0.46,'MODERADO',DATE_SUB(NOW(), INTERVAL  7 MONTH), 'SCHEDULER', NOW(), NOW()),
(13,0.45,'MODERADO',DATE_SUB(NOW(), INTERVAL  8 MONTH), 'SCHEDULER', NOW(), NOW()),
(13,0.46,'MODERADO',DATE_SUB(NOW(), INTERVAL  9 MONTH), 'SCHEDULER', NOW(), NOW()),
(13,0.46,'MODERADO',DATE_SUB(NOW(), INTERVAL 10 MONTH), 'SCHEDULER', NOW(), NOW()),
(13,0.48,'MODERADO',DATE_SUB(NOW(), INTERVAL 11 MONTH), 'SCHEDULER', NOW(), NOW()),
-- Tlalpan (14) base≈0.17
(14,0.17,'BAJO',    NOW(),                              'SCHEDULER', NOW(), NOW()),
(14,0.15,'BAJO',    DATE_SUB(NOW(), INTERVAL  1 MONTH), 'SCHEDULER', NOW(), NOW()),
(14,0.14,'BAJO',    DATE_SUB(NOW(), INTERVAL  2 MONTH), 'SCHEDULER', NOW(), NOW()),
(14,0.19,'BAJO',    DATE_SUB(NOW(), INTERVAL  3 MONTH), 'SCHEDULER', NOW(), NOW()),
(14,0.21,'BAJO',    DATE_SUB(NOW(), INTERVAL  4 MONTH), 'SCHEDULER', NOW(), NOW()),
(14,0.20,'BAJO',    DATE_SUB(NOW(), INTERVAL  5 MONTH), 'SCHEDULER', NOW(), NOW()),
(14,0.17,'BAJO',    DATE_SUB(NOW(), INTERVAL  6 MONTH), 'SCHEDULER', NOW(), NOW()),
(14,0.16,'BAJO',    DATE_SUB(NOW(), INTERVAL  7 MONTH), 'SCHEDULER', NOW(), NOW()),
(14,0.15,'BAJO',    DATE_SUB(NOW(), INTERVAL  8 MONTH), 'SCHEDULER', NOW(), NOW()),
(14,0.16,'BAJO',    DATE_SUB(NOW(), INTERVAL  9 MONTH), 'SCHEDULER', NOW(), NOW()),
(14,0.16,'BAJO',    DATE_SUB(NOW(), INTERVAL 10 MONTH), 'SCHEDULER', NOW(), NOW()),
(14,0.18,'BAJO',    DATE_SUB(NOW(), INTERVAL 11 MONTH), 'SCHEDULER', NOW(), NOW()),
-- Venustiano Carranza (15) base≈0.49
(15,0.49,'MODERADO',NOW(),                              'SCHEDULER', NOW(), NOW()),
(15,0.47,'MODERADO',DATE_SUB(NOW(), INTERVAL  1 MONTH), 'SCHEDULER', NOW(), NOW()),
(15,0.46,'MODERADO',DATE_SUB(NOW(), INTERVAL  2 MONTH), 'SCHEDULER', NOW(), NOW()),
(15,0.51,'ALTO',    DATE_SUB(NOW(), INTERVAL  3 MONTH), 'SCHEDULER', NOW(), NOW()),
(15,0.53,'ALTO',    DATE_SUB(NOW(), INTERVAL  4 MONTH), 'SCHEDULER', NOW(), NOW()),
(15,0.52,'ALTO',    DATE_SUB(NOW(), INTERVAL  5 MONTH), 'SCHEDULER', NOW(), NOW()),
(15,0.49,'MODERADO',DATE_SUB(NOW(), INTERVAL  6 MONTH), 'SCHEDULER', NOW(), NOW()),
(15,0.48,'MODERADO',DATE_SUB(NOW(), INTERVAL  7 MONTH), 'SCHEDULER', NOW(), NOW()),
(15,0.47,'MODERADO',DATE_SUB(NOW(), INTERVAL  8 MONTH), 'SCHEDULER', NOW(), NOW()),
(15,0.48,'MODERADO',DATE_SUB(NOW(), INTERVAL  9 MONTH), 'SCHEDULER', NOW(), NOW()),
(15,0.48,'MODERADO',DATE_SUB(NOW(), INTERVAL 10 MONTH), 'SCHEDULER', NOW(), NOW()),
(15,0.50,'MODERADO',DATE_SUB(NOW(), INTERVAL 11 MONTH), 'SCHEDULER', NOW(), NOW()),
-- Xochimilco (16) base≈0.28
(16,0.28,'MODERADO',NOW(),                              'SCHEDULER', NOW(), NOW()),
(16,0.26,'MODERADO',DATE_SUB(NOW(), INTERVAL  1 MONTH), 'SCHEDULER', NOW(), NOW()),
(16,0.25,'BAJO',    DATE_SUB(NOW(), INTERVAL  2 MONTH), 'SCHEDULER', NOW(), NOW()),
(16,0.30,'MODERADO',DATE_SUB(NOW(), INTERVAL  3 MONTH), 'SCHEDULER', NOW(), NOW()),
(16,0.32,'MODERADO',DATE_SUB(NOW(), INTERVAL  4 MONTH), 'SCHEDULER', NOW(), NOW()),
(16,0.31,'MODERADO',DATE_SUB(NOW(), INTERVAL  5 MONTH), 'SCHEDULER', NOW(), NOW()),
(16,0.28,'MODERADO',DATE_SUB(NOW(), INTERVAL  6 MONTH), 'SCHEDULER', NOW(), NOW()),
(16,0.27,'MODERADO',DATE_SUB(NOW(), INTERVAL  7 MONTH), 'SCHEDULER', NOW(), NOW()),
(16,0.26,'MODERADO',DATE_SUB(NOW(), INTERVAL  8 MONTH), 'SCHEDULER', NOW(), NOW()),
(16,0.27,'MODERADO',DATE_SUB(NOW(), INTERVAL  9 MONTH), 'SCHEDULER', NOW(), NOW()),
(16,0.27,'MODERADO',DATE_SUB(NOW(), INTERVAL 10 MONTH), 'SCHEDULER', NOW(), NOW()),
(16,0.29,'MODERADO',DATE_SUB(NOW(), INTERVAL 11 MONTH), 'SCHEDULER', NOW(), NOW());

-- ─── Historial mensual IRSA — completar 2025 (Ene-May) + año completo 2024 ───
-- Intervalos 12-28: cubre Jan-May 2025 y todos los meses de 2024.
INSERT INTO irsa (id_alcaldia, valor_irsa, nivel_riesgo, fecha_calculo, origen_calculo, created_at, updated_at) VALUES
-- Álvaro Obregón (1)
(1, 0.22,'BAJO',    DATE_SUB(NOW(), INTERVAL 12 MONTH),'SCHEDULER',NOW(),NOW()),
(1, 0.20,'BAJO',    DATE_SUB(NOW(), INTERVAL 13 MONTH),'SCHEDULER',NOW(),NOW()),
(1, 0.19,'BAJO',    DATE_SUB(NOW(), INTERVAL 14 MONTH),'SCHEDULER',NOW(),NOW()),
(1, 0.24,'BAJO',    DATE_SUB(NOW(), INTERVAL 15 MONTH),'SCHEDULER',NOW(),NOW()),
(1, 0.25,'BAJO',    DATE_SUB(NOW(), INTERVAL 16 MONTH),'SCHEDULER',NOW(),NOW()),
(1, 0.24,'BAJO',    DATE_SUB(NOW(), INTERVAL 17 MONTH),'SCHEDULER',NOW(),NOW()),
(1, 0.22,'BAJO',    DATE_SUB(NOW(), INTERVAL 18 MONTH),'SCHEDULER',NOW(),NOW()),
(1, 0.21,'BAJO',    DATE_SUB(NOW(), INTERVAL 19 MONTH),'SCHEDULER',NOW(),NOW()),
(1, 0.20,'BAJO',    DATE_SUB(NOW(), INTERVAL 20 MONTH),'SCHEDULER',NOW(),NOW()),
(1, 0.21,'BAJO',    DATE_SUB(NOW(), INTERVAL 21 MONTH),'SCHEDULER',NOW(),NOW()),
(1, 0.21,'BAJO',    DATE_SUB(NOW(), INTERVAL 22 MONTH),'SCHEDULER',NOW(),NOW()),
(1, 0.23,'BAJO',    DATE_SUB(NOW(), INTERVAL 23 MONTH),'SCHEDULER',NOW(),NOW()),
(1, 0.22,'BAJO',    DATE_SUB(NOW(), INTERVAL 24 MONTH),'SCHEDULER',NOW(),NOW()),
(1, 0.20,'BAJO',    DATE_SUB(NOW(), INTERVAL 25 MONTH),'SCHEDULER',NOW(),NOW()),
(1, 0.19,'BAJO',    DATE_SUB(NOW(), INTERVAL 26 MONTH),'SCHEDULER',NOW(),NOW()),
(1, 0.24,'BAJO',    DATE_SUB(NOW(), INTERVAL 27 MONTH),'SCHEDULER',NOW(),NOW()),
(1, 0.25,'BAJO',    DATE_SUB(NOW(), INTERVAL 28 MONTH),'SCHEDULER',NOW(),NOW()),
-- Azcapotzalco (2)
(2, 0.35,'MODERADO',DATE_SUB(NOW(), INTERVAL 12 MONTH),'SCHEDULER',NOW(),NOW()),
(2, 0.33,'MODERADO',DATE_SUB(NOW(), INTERVAL 13 MONTH),'SCHEDULER',NOW(),NOW()),
(2, 0.32,'MODERADO',DATE_SUB(NOW(), INTERVAL 14 MONTH),'SCHEDULER',NOW(),NOW()),
(2, 0.37,'MODERADO',DATE_SUB(NOW(), INTERVAL 15 MONTH),'SCHEDULER',NOW(),NOW()),
(2, 0.39,'MODERADO',DATE_SUB(NOW(), INTERVAL 16 MONTH),'SCHEDULER',NOW(),NOW()),
(2, 0.38,'MODERADO',DATE_SUB(NOW(), INTERVAL 17 MONTH),'SCHEDULER',NOW(),NOW()),
(2, 0.35,'MODERADO',DATE_SUB(NOW(), INTERVAL 18 MONTH),'SCHEDULER',NOW(),NOW()),
(2, 0.34,'MODERADO',DATE_SUB(NOW(), INTERVAL 19 MONTH),'SCHEDULER',NOW(),NOW()),
(2, 0.33,'MODERADO',DATE_SUB(NOW(), INTERVAL 20 MONTH),'SCHEDULER',NOW(),NOW()),
(2, 0.34,'MODERADO',DATE_SUB(NOW(), INTERVAL 21 MONTH),'SCHEDULER',NOW(),NOW()),
(2, 0.34,'MODERADO',DATE_SUB(NOW(), INTERVAL 22 MONTH),'SCHEDULER',NOW(),NOW()),
(2, 0.36,'MODERADO',DATE_SUB(NOW(), INTERVAL 23 MONTH),'SCHEDULER',NOW(),NOW()),
(2, 0.35,'MODERADO',DATE_SUB(NOW(), INTERVAL 24 MONTH),'SCHEDULER',NOW(),NOW()),
(2, 0.33,'MODERADO',DATE_SUB(NOW(), INTERVAL 25 MONTH),'SCHEDULER',NOW(),NOW()),
(2, 0.32,'MODERADO',DATE_SUB(NOW(), INTERVAL 26 MONTH),'SCHEDULER',NOW(),NOW()),
(2, 0.37,'MODERADO',DATE_SUB(NOW(), INTERVAL 27 MONTH),'SCHEDULER',NOW(),NOW()),
(2, 0.39,'MODERADO',DATE_SUB(NOW(), INTERVAL 28 MONTH),'SCHEDULER',NOW(),NOW()),
-- Benito Juárez (3)
(3, 0.20,'BAJO',    DATE_SUB(NOW(), INTERVAL 12 MONTH),'SCHEDULER',NOW(),NOW()),
(3, 0.18,'BAJO',    DATE_SUB(NOW(), INTERVAL 13 MONTH),'SCHEDULER',NOW(),NOW()),
(3, 0.17,'BAJO',    DATE_SUB(NOW(), INTERVAL 14 MONTH),'SCHEDULER',NOW(),NOW()),
(3, 0.22,'BAJO',    DATE_SUB(NOW(), INTERVAL 15 MONTH),'SCHEDULER',NOW(),NOW()),
(3, 0.24,'BAJO',    DATE_SUB(NOW(), INTERVAL 16 MONTH),'SCHEDULER',NOW(),NOW()),
(3, 0.23,'BAJO',    DATE_SUB(NOW(), INTERVAL 17 MONTH),'SCHEDULER',NOW(),NOW()),
(3, 0.20,'BAJO',    DATE_SUB(NOW(), INTERVAL 18 MONTH),'SCHEDULER',NOW(),NOW()),
(3, 0.19,'BAJO',    DATE_SUB(NOW(), INTERVAL 19 MONTH),'SCHEDULER',NOW(),NOW()),
(3, 0.18,'BAJO',    DATE_SUB(NOW(), INTERVAL 20 MONTH),'SCHEDULER',NOW(),NOW()),
(3, 0.19,'BAJO',    DATE_SUB(NOW(), INTERVAL 21 MONTH),'SCHEDULER',NOW(),NOW()),
(3, 0.19,'BAJO',    DATE_SUB(NOW(), INTERVAL 22 MONTH),'SCHEDULER',NOW(),NOW()),
(3, 0.21,'BAJO',    DATE_SUB(NOW(), INTERVAL 23 MONTH),'SCHEDULER',NOW(),NOW()),
(3, 0.20,'BAJO',    DATE_SUB(NOW(), INTERVAL 24 MONTH),'SCHEDULER',NOW(),NOW()),
(3, 0.18,'BAJO',    DATE_SUB(NOW(), INTERVAL 25 MONTH),'SCHEDULER',NOW(),NOW()),
(3, 0.17,'BAJO',    DATE_SUB(NOW(), INTERVAL 26 MONTH),'SCHEDULER',NOW(),NOW()),
(3, 0.22,'BAJO',    DATE_SUB(NOW(), INTERVAL 27 MONTH),'SCHEDULER',NOW(),NOW()),
(3, 0.24,'BAJO',    DATE_SUB(NOW(), INTERVAL 28 MONTH),'SCHEDULER',NOW(),NOW()),
-- Coyoacán (4)
(4, 0.27,'MODERADO',DATE_SUB(NOW(), INTERVAL 12 MONTH),'SCHEDULER',NOW(),NOW()),
(4, 0.25,'BAJO',    DATE_SUB(NOW(), INTERVAL 13 MONTH),'SCHEDULER',NOW(),NOW()),
(4, 0.24,'BAJO',    DATE_SUB(NOW(), INTERVAL 14 MONTH),'SCHEDULER',NOW(),NOW()),
(4, 0.29,'MODERADO',DATE_SUB(NOW(), INTERVAL 15 MONTH),'SCHEDULER',NOW(),NOW()),
(4, 0.31,'MODERADO',DATE_SUB(NOW(), INTERVAL 16 MONTH),'SCHEDULER',NOW(),NOW()),
(4, 0.30,'MODERADO',DATE_SUB(NOW(), INTERVAL 17 MONTH),'SCHEDULER',NOW(),NOW()),
(4, 0.27,'MODERADO',DATE_SUB(NOW(), INTERVAL 18 MONTH),'SCHEDULER',NOW(),NOW()),
(4, 0.26,'MODERADO',DATE_SUB(NOW(), INTERVAL 19 MONTH),'SCHEDULER',NOW(),NOW()),
(4, 0.25,'BAJO',    DATE_SUB(NOW(), INTERVAL 20 MONTH),'SCHEDULER',NOW(),NOW()),
(4, 0.26,'MODERADO',DATE_SUB(NOW(), INTERVAL 21 MONTH),'SCHEDULER',NOW(),NOW()),
(4, 0.26,'MODERADO',DATE_SUB(NOW(), INTERVAL 22 MONTH),'SCHEDULER',NOW(),NOW()),
(4, 0.28,'MODERADO',DATE_SUB(NOW(), INTERVAL 23 MONTH),'SCHEDULER',NOW(),NOW()),
(4, 0.27,'MODERADO',DATE_SUB(NOW(), INTERVAL 24 MONTH),'SCHEDULER',NOW(),NOW()),
(4, 0.25,'BAJO',    DATE_SUB(NOW(), INTERVAL 25 MONTH),'SCHEDULER',NOW(),NOW()),
(4, 0.24,'BAJO',    DATE_SUB(NOW(), INTERVAL 26 MONTH),'SCHEDULER',NOW(),NOW()),
(4, 0.29,'MODERADO',DATE_SUB(NOW(), INTERVAL 27 MONTH),'SCHEDULER',NOW(),NOW()),
(4, 0.31,'MODERADO',DATE_SUB(NOW(), INTERVAL 28 MONTH),'SCHEDULER',NOW(),NOW()),
-- Cuajimalpa (5)
(5, 0.22,'BAJO',    DATE_SUB(NOW(), INTERVAL 12 MONTH),'SCHEDULER',NOW(),NOW()),
(5, 0.20,'BAJO',    DATE_SUB(NOW(), INTERVAL 13 MONTH),'SCHEDULER',NOW(),NOW()),
(5, 0.19,'BAJO',    DATE_SUB(NOW(), INTERVAL 14 MONTH),'SCHEDULER',NOW(),NOW()),
(5, 0.24,'BAJO',    DATE_SUB(NOW(), INTERVAL 15 MONTH),'SCHEDULER',NOW(),NOW()),
(5, 0.25,'BAJO',    DATE_SUB(NOW(), INTERVAL 16 MONTH),'SCHEDULER',NOW(),NOW()),
(5, 0.24,'BAJO',    DATE_SUB(NOW(), INTERVAL 17 MONTH),'SCHEDULER',NOW(),NOW()),
(5, 0.22,'BAJO',    DATE_SUB(NOW(), INTERVAL 18 MONTH),'SCHEDULER',NOW(),NOW()),
(5, 0.21,'BAJO',    DATE_SUB(NOW(), INTERVAL 19 MONTH),'SCHEDULER',NOW(),NOW()),
(5, 0.20,'BAJO',    DATE_SUB(NOW(), INTERVAL 20 MONTH),'SCHEDULER',NOW(),NOW()),
(5, 0.21,'BAJO',    DATE_SUB(NOW(), INTERVAL 21 MONTH),'SCHEDULER',NOW(),NOW()),
(5, 0.21,'BAJO',    DATE_SUB(NOW(), INTERVAL 22 MONTH),'SCHEDULER',NOW(),NOW()),
(5, 0.23,'BAJO',    DATE_SUB(NOW(), INTERVAL 23 MONTH),'SCHEDULER',NOW(),NOW()),
(5, 0.22,'BAJO',    DATE_SUB(NOW(), INTERVAL 24 MONTH),'SCHEDULER',NOW(),NOW()),
(5, 0.20,'BAJO',    DATE_SUB(NOW(), INTERVAL 25 MONTH),'SCHEDULER',NOW(),NOW()),
(5, 0.19,'BAJO',    DATE_SUB(NOW(), INTERVAL 26 MONTH),'SCHEDULER',NOW(),NOW()),
(5, 0.24,'BAJO',    DATE_SUB(NOW(), INTERVAL 27 MONTH),'SCHEDULER',NOW(),NOW()),
(5, 0.25,'BAJO',    DATE_SUB(NOW(), INTERVAL 28 MONTH),'SCHEDULER',NOW(),NOW()),
-- Cuauhtémoc (6)
(6, 0.37,'MODERADO',DATE_SUB(NOW(), INTERVAL 12 MONTH),'SCHEDULER',NOW(),NOW()),
(6, 0.35,'MODERADO',DATE_SUB(NOW(), INTERVAL 13 MONTH),'SCHEDULER',NOW(),NOW()),
(6, 0.34,'MODERADO',DATE_SUB(NOW(), INTERVAL 14 MONTH),'SCHEDULER',NOW(),NOW()),
(6, 0.39,'MODERADO',DATE_SUB(NOW(), INTERVAL 15 MONTH),'SCHEDULER',NOW(),NOW()),
(6, 0.41,'MODERADO',DATE_SUB(NOW(), INTERVAL 16 MONTH),'SCHEDULER',NOW(),NOW()),
(6, 0.40,'MODERADO',DATE_SUB(NOW(), INTERVAL 17 MONTH),'SCHEDULER',NOW(),NOW()),
(6, 0.37,'MODERADO',DATE_SUB(NOW(), INTERVAL 18 MONTH),'SCHEDULER',NOW(),NOW()),
(6, 0.36,'MODERADO',DATE_SUB(NOW(), INTERVAL 19 MONTH),'SCHEDULER',NOW(),NOW()),
(6, 0.35,'MODERADO',DATE_SUB(NOW(), INTERVAL 20 MONTH),'SCHEDULER',NOW(),NOW()),
(6, 0.36,'MODERADO',DATE_SUB(NOW(), INTERVAL 21 MONTH),'SCHEDULER',NOW(),NOW()),
(6, 0.36,'MODERADO',DATE_SUB(NOW(), INTERVAL 22 MONTH),'SCHEDULER',NOW(),NOW()),
(6, 0.38,'MODERADO',DATE_SUB(NOW(), INTERVAL 23 MONTH),'SCHEDULER',NOW(),NOW()),
(6, 0.37,'MODERADO',DATE_SUB(NOW(), INTERVAL 24 MONTH),'SCHEDULER',NOW(),NOW()),
(6, 0.35,'MODERADO',DATE_SUB(NOW(), INTERVAL 25 MONTH),'SCHEDULER',NOW(),NOW()),
(6, 0.34,'MODERADO',DATE_SUB(NOW(), INTERVAL 26 MONTH),'SCHEDULER',NOW(),NOW()),
(6, 0.39,'MODERADO',DATE_SUB(NOW(), INTERVAL 27 MONTH),'SCHEDULER',NOW(),NOW()),
(6, 0.41,'MODERADO',DATE_SUB(NOW(), INTERVAL 28 MONTH),'SCHEDULER',NOW(),NOW()),
-- Gustavo A. Madero (7)
(7, 0.58,'ALTO',    DATE_SUB(NOW(), INTERVAL 12 MONTH),'SCHEDULER',NOW(),NOW()),
(7, 0.56,'ALTO',    DATE_SUB(NOW(), INTERVAL 13 MONTH),'SCHEDULER',NOW(),NOW()),
(7, 0.55,'ALTO',    DATE_SUB(NOW(), INTERVAL 14 MONTH),'SCHEDULER',NOW(),NOW()),
(7, 0.60,'ALTO',    DATE_SUB(NOW(), INTERVAL 15 MONTH),'SCHEDULER',NOW(),NOW()),
(7, 0.62,'ALTO',    DATE_SUB(NOW(), INTERVAL 16 MONTH),'SCHEDULER',NOW(),NOW()),
(7, 0.61,'ALTO',    DATE_SUB(NOW(), INTERVAL 17 MONTH),'SCHEDULER',NOW(),NOW()),
(7, 0.58,'ALTO',    DATE_SUB(NOW(), INTERVAL 18 MONTH),'SCHEDULER',NOW(),NOW()),
(7, 0.57,'ALTO',    DATE_SUB(NOW(), INTERVAL 19 MONTH),'SCHEDULER',NOW(),NOW()),
(7, 0.56,'ALTO',    DATE_SUB(NOW(), INTERVAL 20 MONTH),'SCHEDULER',NOW(),NOW()),
(7, 0.57,'ALTO',    DATE_SUB(NOW(), INTERVAL 21 MONTH),'SCHEDULER',NOW(),NOW()),
(7, 0.57,'ALTO',    DATE_SUB(NOW(), INTERVAL 22 MONTH),'SCHEDULER',NOW(),NOW()),
(7, 0.59,'ALTO',    DATE_SUB(NOW(), INTERVAL 23 MONTH),'SCHEDULER',NOW(),NOW()),
(7, 0.58,'ALTO',    DATE_SUB(NOW(), INTERVAL 24 MONTH),'SCHEDULER',NOW(),NOW()),
(7, 0.56,'ALTO',    DATE_SUB(NOW(), INTERVAL 25 MONTH),'SCHEDULER',NOW(),NOW()),
(7, 0.55,'ALTO',    DATE_SUB(NOW(), INTERVAL 26 MONTH),'SCHEDULER',NOW(),NOW()),
(7, 0.60,'ALTO',    DATE_SUB(NOW(), INTERVAL 27 MONTH),'SCHEDULER',NOW(),NOW()),
(7, 0.62,'ALTO',    DATE_SUB(NOW(), INTERVAL 28 MONTH),'SCHEDULER',NOW(),NOW()),
-- Iztacalco (8)
(8, 0.45,'MODERADO',DATE_SUB(NOW(), INTERVAL 12 MONTH),'SCHEDULER',NOW(),NOW()),
(8, 0.43,'MODERADO',DATE_SUB(NOW(), INTERVAL 13 MONTH),'SCHEDULER',NOW(),NOW()),
(8, 0.42,'MODERADO',DATE_SUB(NOW(), INTERVAL 14 MONTH),'SCHEDULER',NOW(),NOW()),
(8, 0.47,'MODERADO',DATE_SUB(NOW(), INTERVAL 15 MONTH),'SCHEDULER',NOW(),NOW()),
(8, 0.49,'MODERADO',DATE_SUB(NOW(), INTERVAL 16 MONTH),'SCHEDULER',NOW(),NOW()),
(8, 0.48,'MODERADO',DATE_SUB(NOW(), INTERVAL 17 MONTH),'SCHEDULER',NOW(),NOW()),
(8, 0.45,'MODERADO',DATE_SUB(NOW(), INTERVAL 18 MONTH),'SCHEDULER',NOW(),NOW()),
(8, 0.44,'MODERADO',DATE_SUB(NOW(), INTERVAL 19 MONTH),'SCHEDULER',NOW(),NOW()),
(8, 0.43,'MODERADO',DATE_SUB(NOW(), INTERVAL 20 MONTH),'SCHEDULER',NOW(),NOW()),
(8, 0.44,'MODERADO',DATE_SUB(NOW(), INTERVAL 21 MONTH),'SCHEDULER',NOW(),NOW()),
(8, 0.44,'MODERADO',DATE_SUB(NOW(), INTERVAL 22 MONTH),'SCHEDULER',NOW(),NOW()),
(8, 0.46,'MODERADO',DATE_SUB(NOW(), INTERVAL 23 MONTH),'SCHEDULER',NOW(),NOW()),
(8, 0.45,'MODERADO',DATE_SUB(NOW(), INTERVAL 24 MONTH),'SCHEDULER',NOW(),NOW()),
(8, 0.43,'MODERADO',DATE_SUB(NOW(), INTERVAL 25 MONTH),'SCHEDULER',NOW(),NOW()),
(8, 0.42,'MODERADO',DATE_SUB(NOW(), INTERVAL 26 MONTH),'SCHEDULER',NOW(),NOW()),
(8, 0.47,'MODERADO',DATE_SUB(NOW(), INTERVAL 27 MONTH),'SCHEDULER',NOW(),NOW()),
(8, 0.49,'MODERADO',DATE_SUB(NOW(), INTERVAL 28 MONTH),'SCHEDULER',NOW(),NOW()),
-- Iztapalapa (9)
(9, 0.66,'ALTO',    DATE_SUB(NOW(), INTERVAL 12 MONTH),'SCHEDULER',NOW(),NOW()),
(9, 0.64,'ALTO',    DATE_SUB(NOW(), INTERVAL 13 MONTH),'SCHEDULER',NOW(),NOW()),
(9, 0.63,'ALTO',    DATE_SUB(NOW(), INTERVAL 14 MONTH),'SCHEDULER',NOW(),NOW()),
(9, 0.68,'ALTO',    DATE_SUB(NOW(), INTERVAL 15 MONTH),'SCHEDULER',NOW(),NOW()),
(9, 0.70,'ALTO',    DATE_SUB(NOW(), INTERVAL 16 MONTH),'SCHEDULER',NOW(),NOW()),
(9, 0.69,'ALTO',    DATE_SUB(NOW(), INTERVAL 17 MONTH),'SCHEDULER',NOW(),NOW()),
(9, 0.66,'ALTO',    DATE_SUB(NOW(), INTERVAL 18 MONTH),'SCHEDULER',NOW(),NOW()),
(9, 0.65,'ALTO',    DATE_SUB(NOW(), INTERVAL 19 MONTH),'SCHEDULER',NOW(),NOW()),
(9, 0.64,'ALTO',    DATE_SUB(NOW(), INTERVAL 20 MONTH),'SCHEDULER',NOW(),NOW()),
(9, 0.65,'ALTO',    DATE_SUB(NOW(), INTERVAL 21 MONTH),'SCHEDULER',NOW(),NOW()),
(9, 0.65,'ALTO',    DATE_SUB(NOW(), INTERVAL 22 MONTH),'SCHEDULER',NOW(),NOW()),
(9, 0.67,'ALTO',    DATE_SUB(NOW(), INTERVAL 23 MONTH),'SCHEDULER',NOW(),NOW()),
(9, 0.66,'ALTO',    DATE_SUB(NOW(), INTERVAL 24 MONTH),'SCHEDULER',NOW(),NOW()),
(9, 0.64,'ALTO',    DATE_SUB(NOW(), INTERVAL 25 MONTH),'SCHEDULER',NOW(),NOW()),
(9, 0.63,'ALTO',    DATE_SUB(NOW(), INTERVAL 26 MONTH),'SCHEDULER',NOW(),NOW()),
(9, 0.68,'ALTO',    DATE_SUB(NOW(), INTERVAL 27 MONTH),'SCHEDULER',NOW(),NOW()),
(9, 0.70,'ALTO',    DATE_SUB(NOW(), INTERVAL 28 MONTH),'SCHEDULER',NOW(),NOW()),
-- La Magdalena Contreras (10)
(10,0.19,'BAJO',    DATE_SUB(NOW(), INTERVAL 12 MONTH),'SCHEDULER',NOW(),NOW()),
(10,0.17,'BAJO',    DATE_SUB(NOW(), INTERVAL 13 MONTH),'SCHEDULER',NOW(),NOW()),
(10,0.16,'BAJO',    DATE_SUB(NOW(), INTERVAL 14 MONTH),'SCHEDULER',NOW(),NOW()),
(10,0.21,'BAJO',    DATE_SUB(NOW(), INTERVAL 15 MONTH),'SCHEDULER',NOW(),NOW()),
(10,0.23,'BAJO',    DATE_SUB(NOW(), INTERVAL 16 MONTH),'SCHEDULER',NOW(),NOW()),
(10,0.22,'BAJO',    DATE_SUB(NOW(), INTERVAL 17 MONTH),'SCHEDULER',NOW(),NOW()),
(10,0.19,'BAJO',    DATE_SUB(NOW(), INTERVAL 18 MONTH),'SCHEDULER',NOW(),NOW()),
(10,0.18,'BAJO',    DATE_SUB(NOW(), INTERVAL 19 MONTH),'SCHEDULER',NOW(),NOW()),
(10,0.17,'BAJO',    DATE_SUB(NOW(), INTERVAL 20 MONTH),'SCHEDULER',NOW(),NOW()),
(10,0.18,'BAJO',    DATE_SUB(NOW(), INTERVAL 21 MONTH),'SCHEDULER',NOW(),NOW()),
(10,0.18,'BAJO',    DATE_SUB(NOW(), INTERVAL 22 MONTH),'SCHEDULER',NOW(),NOW()),
(10,0.20,'BAJO',    DATE_SUB(NOW(), INTERVAL 23 MONTH),'SCHEDULER',NOW(),NOW()),
(10,0.19,'BAJO',    DATE_SUB(NOW(), INTERVAL 24 MONTH),'SCHEDULER',NOW(),NOW()),
(10,0.17,'BAJO',    DATE_SUB(NOW(), INTERVAL 25 MONTH),'SCHEDULER',NOW(),NOW()),
(10,0.16,'BAJO',    DATE_SUB(NOW(), INTERVAL 26 MONTH),'SCHEDULER',NOW(),NOW()),
(10,0.21,'BAJO',    DATE_SUB(NOW(), INTERVAL 27 MONTH),'SCHEDULER',NOW(),NOW()),
(10,0.23,'BAJO',    DATE_SUB(NOW(), INTERVAL 28 MONTH),'SCHEDULER',NOW(),NOW()),
-- Miguel Hidalgo (11)
(11,0.24,'BAJO',    DATE_SUB(NOW(), INTERVAL 12 MONTH),'SCHEDULER',NOW(),NOW()),
(11,0.22,'BAJO',    DATE_SUB(NOW(), INTERVAL 13 MONTH),'SCHEDULER',NOW(),NOW()),
(11,0.21,'BAJO',    DATE_SUB(NOW(), INTERVAL 14 MONTH),'SCHEDULER',NOW(),NOW()),
(11,0.26,'MODERADO',DATE_SUB(NOW(), INTERVAL 15 MONTH),'SCHEDULER',NOW(),NOW()),
(11,0.28,'MODERADO',DATE_SUB(NOW(), INTERVAL 16 MONTH),'SCHEDULER',NOW(),NOW()),
(11,0.27,'MODERADO',DATE_SUB(NOW(), INTERVAL 17 MONTH),'SCHEDULER',NOW(),NOW()),
(11,0.24,'BAJO',    DATE_SUB(NOW(), INTERVAL 18 MONTH),'SCHEDULER',NOW(),NOW()),
(11,0.23,'BAJO',    DATE_SUB(NOW(), INTERVAL 19 MONTH),'SCHEDULER',NOW(),NOW()),
(11,0.22,'BAJO',    DATE_SUB(NOW(), INTERVAL 20 MONTH),'SCHEDULER',NOW(),NOW()),
(11,0.23,'BAJO',    DATE_SUB(NOW(), INTERVAL 21 MONTH),'SCHEDULER',NOW(),NOW()),
(11,0.23,'BAJO',    DATE_SUB(NOW(), INTERVAL 22 MONTH),'SCHEDULER',NOW(),NOW()),
(11,0.25,'BAJO',    DATE_SUB(NOW(), INTERVAL 23 MONTH),'SCHEDULER',NOW(),NOW()),
(11,0.24,'BAJO',    DATE_SUB(NOW(), INTERVAL 24 MONTH),'SCHEDULER',NOW(),NOW()),
(11,0.22,'BAJO',    DATE_SUB(NOW(), INTERVAL 25 MONTH),'SCHEDULER',NOW(),NOW()),
(11,0.21,'BAJO',    DATE_SUB(NOW(), INTERVAL 26 MONTH),'SCHEDULER',NOW(),NOW()),
(11,0.26,'MODERADO',DATE_SUB(NOW(), INTERVAL 27 MONTH),'SCHEDULER',NOW(),NOW()),
(11,0.28,'MODERADO',DATE_SUB(NOW(), INTERVAL 28 MONTH),'SCHEDULER',NOW(),NOW()),
-- Milpa Alta (12)
(12,0.15,'BAJO',    DATE_SUB(NOW(), INTERVAL 12 MONTH),'SCHEDULER',NOW(),NOW()),
(12,0.13,'BAJO',    DATE_SUB(NOW(), INTERVAL 13 MONTH),'SCHEDULER',NOW(),NOW()),
(12,0.12,'BAJO',    DATE_SUB(NOW(), INTERVAL 14 MONTH),'SCHEDULER',NOW(),NOW()),
(12,0.17,'BAJO',    DATE_SUB(NOW(), INTERVAL 15 MONTH),'SCHEDULER',NOW(),NOW()),
(12,0.19,'BAJO',    DATE_SUB(NOW(), INTERVAL 16 MONTH),'SCHEDULER',NOW(),NOW()),
(12,0.18,'BAJO',    DATE_SUB(NOW(), INTERVAL 17 MONTH),'SCHEDULER',NOW(),NOW()),
(12,0.15,'BAJO',    DATE_SUB(NOW(), INTERVAL 18 MONTH),'SCHEDULER',NOW(),NOW()),
(12,0.14,'BAJO',    DATE_SUB(NOW(), INTERVAL 19 MONTH),'SCHEDULER',NOW(),NOW()),
(12,0.13,'BAJO',    DATE_SUB(NOW(), INTERVAL 20 MONTH),'SCHEDULER',NOW(),NOW()),
(12,0.14,'BAJO',    DATE_SUB(NOW(), INTERVAL 21 MONTH),'SCHEDULER',NOW(),NOW()),
(12,0.14,'BAJO',    DATE_SUB(NOW(), INTERVAL 22 MONTH),'SCHEDULER',NOW(),NOW()),
(12,0.16,'BAJO',    DATE_SUB(NOW(), INTERVAL 23 MONTH),'SCHEDULER',NOW(),NOW()),
(12,0.15,'BAJO',    DATE_SUB(NOW(), INTERVAL 24 MONTH),'SCHEDULER',NOW(),NOW()),
(12,0.13,'BAJO',    DATE_SUB(NOW(), INTERVAL 25 MONTH),'SCHEDULER',NOW(),NOW()),
(12,0.12,'BAJO',    DATE_SUB(NOW(), INTERVAL 26 MONTH),'SCHEDULER',NOW(),NOW()),
(12,0.17,'BAJO',    DATE_SUB(NOW(), INTERVAL 27 MONTH),'SCHEDULER',NOW(),NOW()),
(12,0.19,'BAJO',    DATE_SUB(NOW(), INTERVAL 28 MONTH),'SCHEDULER',NOW(),NOW()),
-- Tláhuac (13)
(13,0.48,'MODERADO',DATE_SUB(NOW(), INTERVAL 12 MONTH),'SCHEDULER',NOW(),NOW()),
(13,0.46,'MODERADO',DATE_SUB(NOW(), INTERVAL 13 MONTH),'SCHEDULER',NOW(),NOW()),
(13,0.45,'MODERADO',DATE_SUB(NOW(), INTERVAL 14 MONTH),'SCHEDULER',NOW(),NOW()),
(13,0.50,'MODERADO',DATE_SUB(NOW(), INTERVAL 15 MONTH),'SCHEDULER',NOW(),NOW()),
(13,0.52,'ALTO',    DATE_SUB(NOW(), INTERVAL 16 MONTH),'SCHEDULER',NOW(),NOW()),
(13,0.51,'ALTO',    DATE_SUB(NOW(), INTERVAL 17 MONTH),'SCHEDULER',NOW(),NOW()),
(13,0.48,'MODERADO',DATE_SUB(NOW(), INTERVAL 18 MONTH),'SCHEDULER',NOW(),NOW()),
(13,0.47,'MODERADO',DATE_SUB(NOW(), INTERVAL 19 MONTH),'SCHEDULER',NOW(),NOW()),
(13,0.46,'MODERADO',DATE_SUB(NOW(), INTERVAL 20 MONTH),'SCHEDULER',NOW(),NOW()),
(13,0.47,'MODERADO',DATE_SUB(NOW(), INTERVAL 21 MONTH),'SCHEDULER',NOW(),NOW()),
(13,0.47,'MODERADO',DATE_SUB(NOW(), INTERVAL 22 MONTH),'SCHEDULER',NOW(),NOW()),
(13,0.49,'MODERADO',DATE_SUB(NOW(), INTERVAL 23 MONTH),'SCHEDULER',NOW(),NOW()),
(13,0.48,'MODERADO',DATE_SUB(NOW(), INTERVAL 24 MONTH),'SCHEDULER',NOW(),NOW()),
(13,0.46,'MODERADO',DATE_SUB(NOW(), INTERVAL 25 MONTH),'SCHEDULER',NOW(),NOW()),
(13,0.45,'MODERADO',DATE_SUB(NOW(), INTERVAL 26 MONTH),'SCHEDULER',NOW(),NOW()),
(13,0.50,'MODERADO',DATE_SUB(NOW(), INTERVAL 27 MONTH),'SCHEDULER',NOW(),NOW()),
(13,0.52,'ALTO',    DATE_SUB(NOW(), INTERVAL 28 MONTH),'SCHEDULER',NOW(),NOW()),
-- Tlalpan (14)
(14,0.18,'BAJO',    DATE_SUB(NOW(), INTERVAL 12 MONTH),'SCHEDULER',NOW(),NOW()),
(14,0.16,'BAJO',    DATE_SUB(NOW(), INTERVAL 13 MONTH),'SCHEDULER',NOW(),NOW()),
(14,0.15,'BAJO',    DATE_SUB(NOW(), INTERVAL 14 MONTH),'SCHEDULER',NOW(),NOW()),
(14,0.20,'BAJO',    DATE_SUB(NOW(), INTERVAL 15 MONTH),'SCHEDULER',NOW(),NOW()),
(14,0.22,'BAJO',    DATE_SUB(NOW(), INTERVAL 16 MONTH),'SCHEDULER',NOW(),NOW()),
(14,0.21,'BAJO',    DATE_SUB(NOW(), INTERVAL 17 MONTH),'SCHEDULER',NOW(),NOW()),
(14,0.18,'BAJO',    DATE_SUB(NOW(), INTERVAL 18 MONTH),'SCHEDULER',NOW(),NOW()),
(14,0.17,'BAJO',    DATE_SUB(NOW(), INTERVAL 19 MONTH),'SCHEDULER',NOW(),NOW()),
(14,0.16,'BAJO',    DATE_SUB(NOW(), INTERVAL 20 MONTH),'SCHEDULER',NOW(),NOW()),
(14,0.17,'BAJO',    DATE_SUB(NOW(), INTERVAL 21 MONTH),'SCHEDULER',NOW(),NOW()),
(14,0.17,'BAJO',    DATE_SUB(NOW(), INTERVAL 22 MONTH),'SCHEDULER',NOW(),NOW()),
(14,0.19,'BAJO',    DATE_SUB(NOW(), INTERVAL 23 MONTH),'SCHEDULER',NOW(),NOW()),
(14,0.18,'BAJO',    DATE_SUB(NOW(), INTERVAL 24 MONTH),'SCHEDULER',NOW(),NOW()),
(14,0.16,'BAJO',    DATE_SUB(NOW(), INTERVAL 25 MONTH),'SCHEDULER',NOW(),NOW()),
(14,0.15,'BAJO',    DATE_SUB(NOW(), INTERVAL 26 MONTH),'SCHEDULER',NOW(),NOW()),
(14,0.20,'BAJO',    DATE_SUB(NOW(), INTERVAL 27 MONTH),'SCHEDULER',NOW(),NOW()),
(14,0.22,'BAJO',    DATE_SUB(NOW(), INTERVAL 28 MONTH),'SCHEDULER',NOW(),NOW()),
-- Venustiano Carranza (15)
(15,0.50,'MODERADO',DATE_SUB(NOW(), INTERVAL 12 MONTH),'SCHEDULER',NOW(),NOW()),
(15,0.48,'MODERADO',DATE_SUB(NOW(), INTERVAL 13 MONTH),'SCHEDULER',NOW(),NOW()),
(15,0.47,'MODERADO',DATE_SUB(NOW(), INTERVAL 14 MONTH),'SCHEDULER',NOW(),NOW()),
(15,0.52,'ALTO',    DATE_SUB(NOW(), INTERVAL 15 MONTH),'SCHEDULER',NOW(),NOW()),
(15,0.54,'ALTO',    DATE_SUB(NOW(), INTERVAL 16 MONTH),'SCHEDULER',NOW(),NOW()),
(15,0.53,'ALTO',    DATE_SUB(NOW(), INTERVAL 17 MONTH),'SCHEDULER',NOW(),NOW()),
(15,0.50,'MODERADO',DATE_SUB(NOW(), INTERVAL 18 MONTH),'SCHEDULER',NOW(),NOW()),
(15,0.49,'MODERADO',DATE_SUB(NOW(), INTERVAL 19 MONTH),'SCHEDULER',NOW(),NOW()),
(15,0.48,'MODERADO',DATE_SUB(NOW(), INTERVAL 20 MONTH),'SCHEDULER',NOW(),NOW()),
(15,0.49,'MODERADO',DATE_SUB(NOW(), INTERVAL 21 MONTH),'SCHEDULER',NOW(),NOW()),
(15,0.49,'MODERADO',DATE_SUB(NOW(), INTERVAL 22 MONTH),'SCHEDULER',NOW(),NOW()),
(15,0.51,'ALTO',    DATE_SUB(NOW(), INTERVAL 23 MONTH),'SCHEDULER',NOW(),NOW()),
(15,0.50,'MODERADO',DATE_SUB(NOW(), INTERVAL 24 MONTH),'SCHEDULER',NOW(),NOW()),
(15,0.48,'MODERADO',DATE_SUB(NOW(), INTERVAL 25 MONTH),'SCHEDULER',NOW(),NOW()),
(15,0.47,'MODERADO',DATE_SUB(NOW(), INTERVAL 26 MONTH),'SCHEDULER',NOW(),NOW()),
(15,0.52,'ALTO',    DATE_SUB(NOW(), INTERVAL 27 MONTH),'SCHEDULER',NOW(),NOW()),
(15,0.54,'ALTO',    DATE_SUB(NOW(), INTERVAL 28 MONTH),'SCHEDULER',NOW(),NOW()),
-- Xochimilco (16)
(16,0.29,'MODERADO',DATE_SUB(NOW(), INTERVAL 12 MONTH),'SCHEDULER',NOW(),NOW()),
(16,0.27,'MODERADO',DATE_SUB(NOW(), INTERVAL 13 MONTH),'SCHEDULER',NOW(),NOW()),
(16,0.26,'MODERADO',DATE_SUB(NOW(), INTERVAL 14 MONTH),'SCHEDULER',NOW(),NOW()),
(16,0.31,'MODERADO',DATE_SUB(NOW(), INTERVAL 15 MONTH),'SCHEDULER',NOW(),NOW()),
(16,0.33,'MODERADO',DATE_SUB(NOW(), INTERVAL 16 MONTH),'SCHEDULER',NOW(),NOW()),
(16,0.32,'MODERADO',DATE_SUB(NOW(), INTERVAL 17 MONTH),'SCHEDULER',NOW(),NOW()),
(16,0.29,'MODERADO',DATE_SUB(NOW(), INTERVAL 18 MONTH),'SCHEDULER',NOW(),NOW()),
(16,0.28,'MODERADO',DATE_SUB(NOW(), INTERVAL 19 MONTH),'SCHEDULER',NOW(),NOW()),
(16,0.27,'MODERADO',DATE_SUB(NOW(), INTERVAL 20 MONTH),'SCHEDULER',NOW(),NOW()),
(16,0.28,'MODERADO',DATE_SUB(NOW(), INTERVAL 21 MONTH),'SCHEDULER',NOW(),NOW()),
(16,0.28,'MODERADO',DATE_SUB(NOW(), INTERVAL 22 MONTH),'SCHEDULER',NOW(),NOW()),
(16,0.30,'MODERADO',DATE_SUB(NOW(), INTERVAL 23 MONTH),'SCHEDULER',NOW(),NOW()),
(16,0.29,'MODERADO',DATE_SUB(NOW(), INTERVAL 24 MONTH),'SCHEDULER',NOW(),NOW()),
(16,0.27,'MODERADO',DATE_SUB(NOW(), INTERVAL 25 MONTH),'SCHEDULER',NOW(),NOW()),
(16,0.26,'MODERADO',DATE_SUB(NOW(), INTERVAL 26 MONTH),'SCHEDULER',NOW(),NOW()),
(16,0.31,'MODERADO',DATE_SUB(NOW(), INTERVAL 27 MONTH),'SCHEDULER',NOW(),NOW()),
(16,0.33,'MODERADO',DATE_SUB(NOW(), INTERVAL 28 MONTH),'SCHEDULER',NOW(),NOW());

-- ─── Historial diario IRSA — 10 días anteriores × 16 alcaldías ──────────────
-- Necesario para que el TemporalControl muestre datos en días D-1 a D-10.
-- Usa DATE_SUB(NOW(), INTERVAL X DAY) para que cada registro caiga dentro
-- del rango [inicio_dia, inicio_dia_siguiente) que busca findHistoricoByRango.
INSERT INTO irsa (id_alcaldia, valor_irsa, nivel_riesgo, fecha_calculo, origen_calculo, created_at, updated_at) VALUES
-- Álvaro Obregón (1)
(1,0.22,'BAJO',    DATE_SUB(NOW(), INTERVAL  1 DAY),'SCHEDULER',NOW(),NOW()),
(1,0.21,'BAJO',    DATE_SUB(NOW(), INTERVAL  2 DAY),'SCHEDULER',NOW(),NOW()),
(1,0.20,'BAJO',    DATE_SUB(NOW(), INTERVAL  3 DAY),'SCHEDULER',NOW(),NOW()),
(1,0.22,'BAJO',    DATE_SUB(NOW(), INTERVAL  4 DAY),'SCHEDULER',NOW(),NOW()),
(1,0.23,'BAJO',    DATE_SUB(NOW(), INTERVAL  5 DAY),'SCHEDULER',NOW(),NOW()),
(1,0.21,'BAJO',    DATE_SUB(NOW(), INTERVAL  6 DAY),'SCHEDULER',NOW(),NOW()),
(1,0.20,'BAJO',    DATE_SUB(NOW(), INTERVAL  7 DAY),'SCHEDULER',NOW(),NOW()),
(1,0.22,'BAJO',    DATE_SUB(NOW(), INTERVAL  8 DAY),'SCHEDULER',NOW(),NOW()),
(1,0.21,'BAJO',    DATE_SUB(NOW(), INTERVAL  9 DAY),'SCHEDULER',NOW(),NOW()),
(1,0.20,'BAJO',    DATE_SUB(NOW(), INTERVAL 10 DAY),'SCHEDULER',NOW(),NOW()),
-- Azcapotzalco (2)
(2,0.35,'MODERADO',DATE_SUB(NOW(), INTERVAL  1 DAY),'SCHEDULER',NOW(),NOW()),
(2,0.33,'MODERADO',DATE_SUB(NOW(), INTERVAL  2 DAY),'SCHEDULER',NOW(),NOW()),
(2,0.34,'MODERADO',DATE_SUB(NOW(), INTERVAL  3 DAY),'SCHEDULER',NOW(),NOW()),
(2,0.36,'MODERADO',DATE_SUB(NOW(), INTERVAL  4 DAY),'SCHEDULER',NOW(),NOW()),
(2,0.35,'MODERADO',DATE_SUB(NOW(), INTERVAL  5 DAY),'SCHEDULER',NOW(),NOW()),
(2,0.33,'MODERADO',DATE_SUB(NOW(), INTERVAL  6 DAY),'SCHEDULER',NOW(),NOW()),
(2,0.34,'MODERADO',DATE_SUB(NOW(), INTERVAL  7 DAY),'SCHEDULER',NOW(),NOW()),
(2,0.36,'MODERADO',DATE_SUB(NOW(), INTERVAL  8 DAY),'SCHEDULER',NOW(),NOW()),
(2,0.35,'MODERADO',DATE_SUB(NOW(), INTERVAL  9 DAY),'SCHEDULER',NOW(),NOW()),
(2,0.34,'MODERADO',DATE_SUB(NOW(), INTERVAL 10 DAY),'SCHEDULER',NOW(),NOW()),
-- Benito Juárez (3)
(3,0.20,'BAJO',    DATE_SUB(NOW(), INTERVAL  1 DAY),'SCHEDULER',NOW(),NOW()),
(3,0.18,'BAJO',    DATE_SUB(NOW(), INTERVAL  2 DAY),'SCHEDULER',NOW(),NOW()),
(3,0.19,'BAJO',    DATE_SUB(NOW(), INTERVAL  3 DAY),'SCHEDULER',NOW(),NOW()),
(3,0.21,'BAJO',    DATE_SUB(NOW(), INTERVAL  4 DAY),'SCHEDULER',NOW(),NOW()),
(3,0.20,'BAJO',    DATE_SUB(NOW(), INTERVAL  5 DAY),'SCHEDULER',NOW(),NOW()),
(3,0.18,'BAJO',    DATE_SUB(NOW(), INTERVAL  6 DAY),'SCHEDULER',NOW(),NOW()),
(3,0.19,'BAJO',    DATE_SUB(NOW(), INTERVAL  7 DAY),'SCHEDULER',NOW(),NOW()),
(3,0.20,'BAJO',    DATE_SUB(NOW(), INTERVAL  8 DAY),'SCHEDULER',NOW(),NOW()),
(3,0.19,'BAJO',    DATE_SUB(NOW(), INTERVAL  9 DAY),'SCHEDULER',NOW(),NOW()),
(3,0.18,'BAJO',    DATE_SUB(NOW(), INTERVAL 10 DAY),'SCHEDULER',NOW(),NOW()),
-- Coyoacán (4)
(4,0.31,'MODERADO',DATE_SUB(NOW(), INTERVAL  1 DAY),'SCHEDULER',NOW(),NOW()),
(4,0.29,'MODERADO',DATE_SUB(NOW(), INTERVAL  2 DAY),'SCHEDULER',NOW(),NOW()),
(4,0.30,'MODERADO',DATE_SUB(NOW(), INTERVAL  3 DAY),'SCHEDULER',NOW(),NOW()),
(4,0.32,'MODERADO',DATE_SUB(NOW(), INTERVAL  4 DAY),'SCHEDULER',NOW(),NOW()),
(4,0.31,'MODERADO',DATE_SUB(NOW(), INTERVAL  5 DAY),'SCHEDULER',NOW(),NOW()),
(4,0.29,'MODERADO',DATE_SUB(NOW(), INTERVAL  6 DAY),'SCHEDULER',NOW(),NOW()),
(4,0.30,'MODERADO',DATE_SUB(NOW(), INTERVAL  7 DAY),'SCHEDULER',NOW(),NOW()),
(4,0.31,'MODERADO',DATE_SUB(NOW(), INTERVAL  8 DAY),'SCHEDULER',NOW(),NOW()),
(4,0.30,'MODERADO',DATE_SUB(NOW(), INTERVAL  9 DAY),'SCHEDULER',NOW(),NOW()),
(4,0.29,'MODERADO',DATE_SUB(NOW(), INTERVAL 10 DAY),'SCHEDULER',NOW(),NOW()),
-- Cuajimalpa (5)
(5,0.24,'BAJO',    DATE_SUB(NOW(), INTERVAL  1 DAY),'SCHEDULER',NOW(),NOW()),
(5,0.22,'BAJO',    DATE_SUB(NOW(), INTERVAL  2 DAY),'SCHEDULER',NOW(),NOW()),
(5,0.23,'BAJO',    DATE_SUB(NOW(), INTERVAL  3 DAY),'SCHEDULER',NOW(),NOW()),
(5,0.25,'BAJO',    DATE_SUB(NOW(), INTERVAL  4 DAY),'SCHEDULER',NOW(),NOW()),
(5,0.24,'BAJO',    DATE_SUB(NOW(), INTERVAL  5 DAY),'SCHEDULER',NOW(),NOW()),
(5,0.22,'BAJO',    DATE_SUB(NOW(), INTERVAL  6 DAY),'SCHEDULER',NOW(),NOW()),
(5,0.23,'BAJO',    DATE_SUB(NOW(), INTERVAL  7 DAY),'SCHEDULER',NOW(),NOW()),
(5,0.24,'BAJO',    DATE_SUB(NOW(), INTERVAL  8 DAY),'SCHEDULER',NOW(),NOW()),
(5,0.23,'BAJO',    DATE_SUB(NOW(), INTERVAL  9 DAY),'SCHEDULER',NOW(),NOW()),
(5,0.22,'BAJO',    DATE_SUB(NOW(), INTERVAL 10 DAY),'SCHEDULER',NOW(),NOW()),
-- Cuauhtémoc (6)
(6,0.45,'MODERADO',DATE_SUB(NOW(), INTERVAL  1 DAY),'SCHEDULER',NOW(),NOW()),
(6,0.43,'MODERADO',DATE_SUB(NOW(), INTERVAL  2 DAY),'SCHEDULER',NOW(),NOW()),
(6,0.44,'MODERADO',DATE_SUB(NOW(), INTERVAL  3 DAY),'SCHEDULER',NOW(),NOW()),
(6,0.46,'MODERADO',DATE_SUB(NOW(), INTERVAL  4 DAY),'SCHEDULER',NOW(),NOW()),
(6,0.45,'MODERADO',DATE_SUB(NOW(), INTERVAL  5 DAY),'SCHEDULER',NOW(),NOW()),
(6,0.43,'MODERADO',DATE_SUB(NOW(), INTERVAL  6 DAY),'SCHEDULER',NOW(),NOW()),
(6,0.44,'MODERADO',DATE_SUB(NOW(), INTERVAL  7 DAY),'SCHEDULER',NOW(),NOW()),
(6,0.46,'MODERADO',DATE_SUB(NOW(), INTERVAL  8 DAY),'SCHEDULER',NOW(),NOW()),
(6,0.45,'MODERADO',DATE_SUB(NOW(), INTERVAL  9 DAY),'SCHEDULER',NOW(),NOW()),
(6,0.44,'MODERADO',DATE_SUB(NOW(), INTERVAL 10 DAY),'SCHEDULER',NOW(),NOW()),
-- Gustavo A. Madero (7)
(7,0.39,'MODERADO',DATE_SUB(NOW(), INTERVAL  1 DAY),'SCHEDULER',NOW(),NOW()),
(7,0.37,'MODERADO',DATE_SUB(NOW(), INTERVAL  2 DAY),'SCHEDULER',NOW(),NOW()),
(7,0.38,'MODERADO',DATE_SUB(NOW(), INTERVAL  3 DAY),'SCHEDULER',NOW(),NOW()),
(7,0.40,'MODERADO',DATE_SUB(NOW(), INTERVAL  4 DAY),'SCHEDULER',NOW(),NOW()),
(7,0.39,'MODERADO',DATE_SUB(NOW(), INTERVAL  5 DAY),'SCHEDULER',NOW(),NOW()),
(7,0.37,'MODERADO',DATE_SUB(NOW(), INTERVAL  6 DAY),'SCHEDULER',NOW(),NOW()),
(7,0.38,'MODERADO',DATE_SUB(NOW(), INTERVAL  7 DAY),'SCHEDULER',NOW(),NOW()),
(7,0.40,'MODERADO',DATE_SUB(NOW(), INTERVAL  8 DAY),'SCHEDULER',NOW(),NOW()),
(7,0.39,'MODERADO',DATE_SUB(NOW(), INTERVAL  9 DAY),'SCHEDULER',NOW(),NOW()),
(7,0.38,'MODERADO',DATE_SUB(NOW(), INTERVAL 10 DAY),'SCHEDULER',NOW(),NOW()),
-- Iztacalco (8)
(8,0.37,'MODERADO',DATE_SUB(NOW(), INTERVAL  1 DAY),'SCHEDULER',NOW(),NOW()),
(8,0.35,'MODERADO',DATE_SUB(NOW(), INTERVAL  2 DAY),'SCHEDULER',NOW(),NOW()),
(8,0.36,'MODERADO',DATE_SUB(NOW(), INTERVAL  3 DAY),'SCHEDULER',NOW(),NOW()),
(8,0.38,'MODERADO',DATE_SUB(NOW(), INTERVAL  4 DAY),'SCHEDULER',NOW(),NOW()),
(8,0.37,'MODERADO',DATE_SUB(NOW(), INTERVAL  5 DAY),'SCHEDULER',NOW(),NOW()),
(8,0.35,'MODERADO',DATE_SUB(NOW(), INTERVAL  6 DAY),'SCHEDULER',NOW(),NOW()),
(8,0.36,'MODERADO',DATE_SUB(NOW(), INTERVAL  7 DAY),'SCHEDULER',NOW(),NOW()),
(8,0.37,'MODERADO',DATE_SUB(NOW(), INTERVAL  8 DAY),'SCHEDULER',NOW(),NOW()),
(8,0.36,'MODERADO',DATE_SUB(NOW(), INTERVAL  9 DAY),'SCHEDULER',NOW(),NOW()),
(8,0.35,'MODERADO',DATE_SUB(NOW(), INTERVAL 10 DAY),'SCHEDULER',NOW(),NOW()),
-- Iztapalapa (9)
(9,0.56,'ALTO',    DATE_SUB(NOW(), INTERVAL  1 DAY),'SCHEDULER',NOW(),NOW()),
(9,0.54,'ALTO',    DATE_SUB(NOW(), INTERVAL  2 DAY),'SCHEDULER',NOW(),NOW()),
(9,0.55,'ALTO',    DATE_SUB(NOW(), INTERVAL  3 DAY),'SCHEDULER',NOW(),NOW()),
(9,0.57,'ALTO',    DATE_SUB(NOW(), INTERVAL  4 DAY),'SCHEDULER',NOW(),NOW()),
(9,0.56,'ALTO',    DATE_SUB(NOW(), INTERVAL  5 DAY),'SCHEDULER',NOW(),NOW()),
(9,0.54,'ALTO',    DATE_SUB(NOW(), INTERVAL  6 DAY),'SCHEDULER',NOW(),NOW()),
(9,0.55,'ALTO',    DATE_SUB(NOW(), INTERVAL  7 DAY),'SCHEDULER',NOW(),NOW()),
(9,0.57,'ALTO',    DATE_SUB(NOW(), INTERVAL  8 DAY),'SCHEDULER',NOW(),NOW()),
(9,0.56,'ALTO',    DATE_SUB(NOW(), INTERVAL  9 DAY),'SCHEDULER',NOW(),NOW()),
(9,0.55,'ALTO',    DATE_SUB(NOW(), INTERVAL 10 DAY),'SCHEDULER',NOW(),NOW()),
-- La Magdalena Contreras (10)
(10,0.21,'BAJO',   DATE_SUB(NOW(), INTERVAL  1 DAY),'SCHEDULER',NOW(),NOW()),
(10,0.19,'BAJO',   DATE_SUB(NOW(), INTERVAL  2 DAY),'SCHEDULER',NOW(),NOW()),
(10,0.20,'BAJO',   DATE_SUB(NOW(), INTERVAL  3 DAY),'SCHEDULER',NOW(),NOW()),
(10,0.22,'BAJO',   DATE_SUB(NOW(), INTERVAL  4 DAY),'SCHEDULER',NOW(),NOW()),
(10,0.21,'BAJO',   DATE_SUB(NOW(), INTERVAL  5 DAY),'SCHEDULER',NOW(),NOW()),
(10,0.19,'BAJO',   DATE_SUB(NOW(), INTERVAL  6 DAY),'SCHEDULER',NOW(),NOW()),
(10,0.20,'BAJO',   DATE_SUB(NOW(), INTERVAL  7 DAY),'SCHEDULER',NOW(),NOW()),
(10,0.21,'BAJO',   DATE_SUB(NOW(), INTERVAL  8 DAY),'SCHEDULER',NOW(),NOW()),
(10,0.20,'BAJO',   DATE_SUB(NOW(), INTERVAL  9 DAY),'SCHEDULER',NOW(),NOW()),
(10,0.19,'BAJO',   DATE_SUB(NOW(), INTERVAL 10 DAY),'SCHEDULER',NOW(),NOW()),
-- Miguel Hidalgo (11)
(11,0.26,'MODERADO',DATE_SUB(NOW(), INTERVAL  1 DAY),'SCHEDULER',NOW(),NOW()),
(11,0.24,'BAJO',   DATE_SUB(NOW(), INTERVAL  2 DAY),'SCHEDULER',NOW(),NOW()),
(11,0.25,'BAJO',   DATE_SUB(NOW(), INTERVAL  3 DAY),'SCHEDULER',NOW(),NOW()),
(11,0.27,'MODERADO',DATE_SUB(NOW(), INTERVAL  4 DAY),'SCHEDULER',NOW(),NOW()),
(11,0.26,'MODERADO',DATE_SUB(NOW(), INTERVAL  5 DAY),'SCHEDULER',NOW(),NOW()),
(11,0.24,'BAJO',   DATE_SUB(NOW(), INTERVAL  6 DAY),'SCHEDULER',NOW(),NOW()),
(11,0.25,'BAJO',   DATE_SUB(NOW(), INTERVAL  7 DAY),'SCHEDULER',NOW(),NOW()),
(11,0.26,'MODERADO',DATE_SUB(NOW(), INTERVAL  8 DAY),'SCHEDULER',NOW(),NOW()),
(11,0.25,'BAJO',   DATE_SUB(NOW(), INTERVAL  9 DAY),'SCHEDULER',NOW(),NOW()),
(11,0.24,'BAJO',   DATE_SUB(NOW(), INTERVAL 10 DAY),'SCHEDULER',NOW(),NOW()),
-- Milpa Alta (12)
(12,0.18,'BAJO',   DATE_SUB(NOW(), INTERVAL  1 DAY),'SCHEDULER',NOW(),NOW()),
(12,0.16,'BAJO',   DATE_SUB(NOW(), INTERVAL  2 DAY),'SCHEDULER',NOW(),NOW()),
(12,0.17,'BAJO',   DATE_SUB(NOW(), INTERVAL  3 DAY),'SCHEDULER',NOW(),NOW()),
(12,0.19,'BAJO',   DATE_SUB(NOW(), INTERVAL  4 DAY),'SCHEDULER',NOW(),NOW()),
(12,0.18,'BAJO',   DATE_SUB(NOW(), INTERVAL  5 DAY),'SCHEDULER',NOW(),NOW()),
(12,0.16,'BAJO',   DATE_SUB(NOW(), INTERVAL  6 DAY),'SCHEDULER',NOW(),NOW()),
(12,0.17,'BAJO',   DATE_SUB(NOW(), INTERVAL  7 DAY),'SCHEDULER',NOW(),NOW()),
(12,0.18,'BAJO',   DATE_SUB(NOW(), INTERVAL  8 DAY),'SCHEDULER',NOW(),NOW()),
(12,0.17,'BAJO',   DATE_SUB(NOW(), INTERVAL  9 DAY),'SCHEDULER',NOW(),NOW()),
(12,0.16,'BAJO',   DATE_SUB(NOW(), INTERVAL 10 DAY),'SCHEDULER',NOW(),NOW()),
-- Tláhuac (13)
(13,0.41,'MODERADO',DATE_SUB(NOW(), INTERVAL  1 DAY),'SCHEDULER',NOW(),NOW()),
(13,0.39,'MODERADO',DATE_SUB(NOW(), INTERVAL  2 DAY),'SCHEDULER',NOW(),NOW()),
(13,0.40,'MODERADO',DATE_SUB(NOW(), INTERVAL  3 DAY),'SCHEDULER',NOW(),NOW()),
(13,0.42,'MODERADO',DATE_SUB(NOW(), INTERVAL  4 DAY),'SCHEDULER',NOW(),NOW()),
(13,0.41,'MODERADO',DATE_SUB(NOW(), INTERVAL  5 DAY),'SCHEDULER',NOW(),NOW()),
(13,0.39,'MODERADO',DATE_SUB(NOW(), INTERVAL  6 DAY),'SCHEDULER',NOW(),NOW()),
(13,0.40,'MODERADO',DATE_SUB(NOW(), INTERVAL  7 DAY),'SCHEDULER',NOW(),NOW()),
(13,0.41,'MODERADO',DATE_SUB(NOW(), INTERVAL  8 DAY),'SCHEDULER',NOW(),NOW()),
(13,0.40,'MODERADO',DATE_SUB(NOW(), INTERVAL  9 DAY),'SCHEDULER',NOW(),NOW()),
(13,0.39,'MODERADO',DATE_SUB(NOW(), INTERVAL 10 DAY),'SCHEDULER',NOW(),NOW()),
-- Tlalpan (14)
(14,0.19,'BAJO',   DATE_SUB(NOW(), INTERVAL  1 DAY),'SCHEDULER',NOW(),NOW()),
(14,0.17,'BAJO',   DATE_SUB(NOW(), INTERVAL  2 DAY),'SCHEDULER',NOW(),NOW()),
(14,0.18,'BAJO',   DATE_SUB(NOW(), INTERVAL  3 DAY),'SCHEDULER',NOW(),NOW()),
(14,0.20,'BAJO',   DATE_SUB(NOW(), INTERVAL  4 DAY),'SCHEDULER',NOW(),NOW()),
(14,0.19,'BAJO',   DATE_SUB(NOW(), INTERVAL  5 DAY),'SCHEDULER',NOW(),NOW()),
(14,0.17,'BAJO',   DATE_SUB(NOW(), INTERVAL  6 DAY),'SCHEDULER',NOW(),NOW()),
(14,0.18,'BAJO',   DATE_SUB(NOW(), INTERVAL  7 DAY),'SCHEDULER',NOW(),NOW()),
(14,0.19,'BAJO',   DATE_SUB(NOW(), INTERVAL  8 DAY),'SCHEDULER',NOW(),NOW()),
(14,0.18,'BAJO',   DATE_SUB(NOW(), INTERVAL  9 DAY),'SCHEDULER',NOW(),NOW()),
(14,0.17,'BAJO',   DATE_SUB(NOW(), INTERVAL 10 DAY),'SCHEDULER',NOW(),NOW()),
-- Venustiano Carranza (15)
(15,0.50,'MODERADO',DATE_SUB(NOW(), INTERVAL  1 DAY),'SCHEDULER',NOW(),NOW()),
(15,0.48,'MODERADO',DATE_SUB(NOW(), INTERVAL  2 DAY),'SCHEDULER',NOW(),NOW()),
(15,0.49,'MODERADO',DATE_SUB(NOW(), INTERVAL  3 DAY),'SCHEDULER',NOW(),NOW()),
(15,0.51,'ALTO',   DATE_SUB(NOW(), INTERVAL  4 DAY),'SCHEDULER',NOW(),NOW()),
(15,0.50,'MODERADO',DATE_SUB(NOW(), INTERVAL  5 DAY),'SCHEDULER',NOW(),NOW()),
(15,0.48,'MODERADO',DATE_SUB(NOW(), INTERVAL  6 DAY),'SCHEDULER',NOW(),NOW()),
(15,0.49,'MODERADO',DATE_SUB(NOW(), INTERVAL  7 DAY),'SCHEDULER',NOW(),NOW()),
(15,0.50,'MODERADO',DATE_SUB(NOW(), INTERVAL  8 DAY),'SCHEDULER',NOW(),NOW()),
(15,0.49,'MODERADO',DATE_SUB(NOW(), INTERVAL  9 DAY),'SCHEDULER',NOW(),NOW()),
(15,0.48,'MODERADO',DATE_SUB(NOW(), INTERVAL 10 DAY),'SCHEDULER',NOW(),NOW()),
-- Xochimilco (16)
(16,0.29,'MODERADO',DATE_SUB(NOW(), INTERVAL  1 DAY),'SCHEDULER',NOW(),NOW()),
(16,0.27,'MODERADO',DATE_SUB(NOW(), INTERVAL  2 DAY),'SCHEDULER',NOW(),NOW()),
(16,0.28,'MODERADO',DATE_SUB(NOW(), INTERVAL  3 DAY),'SCHEDULER',NOW(),NOW()),
(16,0.30,'MODERADO',DATE_SUB(NOW(), INTERVAL  4 DAY),'SCHEDULER',NOW(),NOW()),
(16,0.29,'MODERADO',DATE_SUB(NOW(), INTERVAL  5 DAY),'SCHEDULER',NOW(),NOW()),
(16,0.27,'MODERADO',DATE_SUB(NOW(), INTERVAL  6 DAY),'SCHEDULER',NOW(),NOW()),
(16,0.28,'MODERADO',DATE_SUB(NOW(), INTERVAL  7 DAY),'SCHEDULER',NOW(),NOW()),
(16,0.29,'MODERADO',DATE_SUB(NOW(), INTERVAL  8 DAY),'SCHEDULER',NOW(),NOW()),
(16,0.28,'MODERADO',DATE_SUB(NOW(), INTERVAL  9 DAY),'SCHEDULER',NOW(),NOW()),
(16,0.27,'MODERADO',DATE_SUB(NOW(), INTERVAL 10 DAY),'SCHEDULER',NOW(),NOW());

-- ─── Predicciones IRSA — próximos 10 días × 16 alcaldías ─────────────────────
-- origen_calculo = 'PREDICCION', fecha_prediccion = día objetivo futuro.
-- findPrediccionesByRango filtra por fecha_prediccion, no por fecha_calculo.
INSERT INTO irsa (id_alcaldia, valor_irsa, nivel_riesgo, fecha_calculo, fecha_prediccion, origen_calculo, created_at, updated_at) VALUES
-- Álvaro Obregón (1)
(1,0.21,'BAJO',    NOW(),DATE_ADD(DATE(NOW()), INTERVAL  1 DAY),'PREDICCION',NOW(),NOW()),
(1,0.22,'BAJO',    NOW(),DATE_ADD(DATE(NOW()), INTERVAL  2 DAY),'PREDICCION',NOW(),NOW()),
(1,0.21,'BAJO',    NOW(),DATE_ADD(DATE(NOW()), INTERVAL  3 DAY),'PREDICCION',NOW(),NOW()),
(1,0.20,'BAJO',    NOW(),DATE_ADD(DATE(NOW()), INTERVAL  4 DAY),'PREDICCION',NOW(),NOW()),
(1,0.22,'BAJO',    NOW(),DATE_ADD(DATE(NOW()), INTERVAL  5 DAY),'PREDICCION',NOW(),NOW()),
(1,0.21,'BAJO',    NOW(),DATE_ADD(DATE(NOW()), INTERVAL  6 DAY),'PREDICCION',NOW(),NOW()),
(1,0.23,'BAJO',    NOW(),DATE_ADD(DATE(NOW()), INTERVAL  7 DAY),'PREDICCION',NOW(),NOW()),
(1,0.22,'BAJO',    NOW(),DATE_ADD(DATE(NOW()), INTERVAL  8 DAY),'PREDICCION',NOW(),NOW()),
(1,0.21,'BAJO',    NOW(),DATE_ADD(DATE(NOW()), INTERVAL  9 DAY),'PREDICCION',NOW(),NOW()),
(1,0.22,'BAJO',    NOW(),DATE_ADD(DATE(NOW()), INTERVAL 10 DAY),'PREDICCION',NOW(),NOW()),
-- Azcapotzalco (2)
(2,0.34,'MODERADO',NOW(),DATE_ADD(DATE(NOW()), INTERVAL  1 DAY),'PREDICCION',NOW(),NOW()),
(2,0.35,'MODERADO',NOW(),DATE_ADD(DATE(NOW()), INTERVAL  2 DAY),'PREDICCION',NOW(),NOW()),
(2,0.34,'MODERADO',NOW(),DATE_ADD(DATE(NOW()), INTERVAL  3 DAY),'PREDICCION',NOW(),NOW()),
(2,0.33,'MODERADO',NOW(),DATE_ADD(DATE(NOW()), INTERVAL  4 DAY),'PREDICCION',NOW(),NOW()),
(2,0.35,'MODERADO',NOW(),DATE_ADD(DATE(NOW()), INTERVAL  5 DAY),'PREDICCION',NOW(),NOW()),
(2,0.34,'MODERADO',NOW(),DATE_ADD(DATE(NOW()), INTERVAL  6 DAY),'PREDICCION',NOW(),NOW()),
(2,0.36,'MODERADO',NOW(),DATE_ADD(DATE(NOW()), INTERVAL  7 DAY),'PREDICCION',NOW(),NOW()),
(2,0.35,'MODERADO',NOW(),DATE_ADD(DATE(NOW()), INTERVAL  8 DAY),'PREDICCION',NOW(),NOW()),
(2,0.34,'MODERADO',NOW(),DATE_ADD(DATE(NOW()), INTERVAL  9 DAY),'PREDICCION',NOW(),NOW()),
(2,0.35,'MODERADO',NOW(),DATE_ADD(DATE(NOW()), INTERVAL 10 DAY),'PREDICCION',NOW(),NOW()),
-- Benito Juárez (3)
(3,0.19,'BAJO',    NOW(),DATE_ADD(DATE(NOW()), INTERVAL  1 DAY),'PREDICCION',NOW(),NOW()),
(3,0.20,'BAJO',    NOW(),DATE_ADD(DATE(NOW()), INTERVAL  2 DAY),'PREDICCION',NOW(),NOW()),
(3,0.19,'BAJO',    NOW(),DATE_ADD(DATE(NOW()), INTERVAL  3 DAY),'PREDICCION',NOW(),NOW()),
(3,0.18,'BAJO',    NOW(),DATE_ADD(DATE(NOW()), INTERVAL  4 DAY),'PREDICCION',NOW(),NOW()),
(3,0.20,'BAJO',    NOW(),DATE_ADD(DATE(NOW()), INTERVAL  5 DAY),'PREDICCION',NOW(),NOW()),
(3,0.19,'BAJO',    NOW(),DATE_ADD(DATE(NOW()), INTERVAL  6 DAY),'PREDICCION',NOW(),NOW()),
(3,0.21,'BAJO',    NOW(),DATE_ADD(DATE(NOW()), INTERVAL  7 DAY),'PREDICCION',NOW(),NOW()),
(3,0.20,'BAJO',    NOW(),DATE_ADD(DATE(NOW()), INTERVAL  8 DAY),'PREDICCION',NOW(),NOW()),
(3,0.19,'BAJO',    NOW(),DATE_ADD(DATE(NOW()), INTERVAL  9 DAY),'PREDICCION',NOW(),NOW()),
(3,0.20,'BAJO',    NOW(),DATE_ADD(DATE(NOW()), INTERVAL 10 DAY),'PREDICCION',NOW(),NOW()),
-- Coyoacán (4)
(4,0.30,'MODERADO',NOW(),DATE_ADD(DATE(NOW()), INTERVAL  1 DAY),'PREDICCION',NOW(),NOW()),
(4,0.31,'MODERADO',NOW(),DATE_ADD(DATE(NOW()), INTERVAL  2 DAY),'PREDICCION',NOW(),NOW()),
(4,0.30,'MODERADO',NOW(),DATE_ADD(DATE(NOW()), INTERVAL  3 DAY),'PREDICCION',NOW(),NOW()),
(4,0.29,'MODERADO',NOW(),DATE_ADD(DATE(NOW()), INTERVAL  4 DAY),'PREDICCION',NOW(),NOW()),
(4,0.31,'MODERADO',NOW(),DATE_ADD(DATE(NOW()), INTERVAL  5 DAY),'PREDICCION',NOW(),NOW()),
(4,0.30,'MODERADO',NOW(),DATE_ADD(DATE(NOW()), INTERVAL  6 DAY),'PREDICCION',NOW(),NOW()),
(4,0.32,'MODERADO',NOW(),DATE_ADD(DATE(NOW()), INTERVAL  7 DAY),'PREDICCION',NOW(),NOW()),
(4,0.31,'MODERADO',NOW(),DATE_ADD(DATE(NOW()), INTERVAL  8 DAY),'PREDICCION',NOW(),NOW()),
(4,0.30,'MODERADO',NOW(),DATE_ADD(DATE(NOW()), INTERVAL  9 DAY),'PREDICCION',NOW(),NOW()),
(4,0.31,'MODERADO',NOW(),DATE_ADD(DATE(NOW()), INTERVAL 10 DAY),'PREDICCION',NOW(),NOW()),
-- Cuajimalpa (5)
(5,0.23,'BAJO',    NOW(),DATE_ADD(DATE(NOW()), INTERVAL  1 DAY),'PREDICCION',NOW(),NOW()),
(5,0.24,'BAJO',    NOW(),DATE_ADD(DATE(NOW()), INTERVAL  2 DAY),'PREDICCION',NOW(),NOW()),
(5,0.23,'BAJO',    NOW(),DATE_ADD(DATE(NOW()), INTERVAL  3 DAY),'PREDICCION',NOW(),NOW()),
(5,0.22,'BAJO',    NOW(),DATE_ADD(DATE(NOW()), INTERVAL  4 DAY),'PREDICCION',NOW(),NOW()),
(5,0.24,'BAJO',    NOW(),DATE_ADD(DATE(NOW()), INTERVAL  5 DAY),'PREDICCION',NOW(),NOW()),
(5,0.23,'BAJO',    NOW(),DATE_ADD(DATE(NOW()), INTERVAL  6 DAY),'PREDICCION',NOW(),NOW()),
(5,0.25,'BAJO',    NOW(),DATE_ADD(DATE(NOW()), INTERVAL  7 DAY),'PREDICCION',NOW(),NOW()),
(5,0.24,'BAJO',    NOW(),DATE_ADD(DATE(NOW()), INTERVAL  8 DAY),'PREDICCION',NOW(),NOW()),
(5,0.23,'BAJO',    NOW(),DATE_ADD(DATE(NOW()), INTERVAL  9 DAY),'PREDICCION',NOW(),NOW()),
(5,0.24,'BAJO',    NOW(),DATE_ADD(DATE(NOW()), INTERVAL 10 DAY),'PREDICCION',NOW(),NOW()),
-- Cuauhtémoc (6)
(6,0.44,'MODERADO',NOW(),DATE_ADD(DATE(NOW()), INTERVAL  1 DAY),'PREDICCION',NOW(),NOW()),
(6,0.45,'MODERADO',NOW(),DATE_ADD(DATE(NOW()), INTERVAL  2 DAY),'PREDICCION',NOW(),NOW()),
(6,0.44,'MODERADO',NOW(),DATE_ADD(DATE(NOW()), INTERVAL  3 DAY),'PREDICCION',NOW(),NOW()),
(6,0.43,'MODERADO',NOW(),DATE_ADD(DATE(NOW()), INTERVAL  4 DAY),'PREDICCION',NOW(),NOW()),
(6,0.45,'MODERADO',NOW(),DATE_ADD(DATE(NOW()), INTERVAL  5 DAY),'PREDICCION',NOW(),NOW()),
(6,0.44,'MODERADO',NOW(),DATE_ADD(DATE(NOW()), INTERVAL  6 DAY),'PREDICCION',NOW(),NOW()),
(6,0.46,'MODERADO',NOW(),DATE_ADD(DATE(NOW()), INTERVAL  7 DAY),'PREDICCION',NOW(),NOW()),
(6,0.45,'MODERADO',NOW(),DATE_ADD(DATE(NOW()), INTERVAL  8 DAY),'PREDICCION',NOW(),NOW()),
(6,0.44,'MODERADO',NOW(),DATE_ADD(DATE(NOW()), INTERVAL  9 DAY),'PREDICCION',NOW(),NOW()),
(6,0.45,'MODERADO',NOW(),DATE_ADD(DATE(NOW()), INTERVAL 10 DAY),'PREDICCION',NOW(),NOW()),
-- Gustavo A. Madero (7)
(7,0.38,'MODERADO',NOW(),DATE_ADD(DATE(NOW()), INTERVAL  1 DAY),'PREDICCION',NOW(),NOW()),
(7,0.39,'MODERADO',NOW(),DATE_ADD(DATE(NOW()), INTERVAL  2 DAY),'PREDICCION',NOW(),NOW()),
(7,0.38,'MODERADO',NOW(),DATE_ADD(DATE(NOW()), INTERVAL  3 DAY),'PREDICCION',NOW(),NOW()),
(7,0.37,'MODERADO',NOW(),DATE_ADD(DATE(NOW()), INTERVAL  4 DAY),'PREDICCION',NOW(),NOW()),
(7,0.39,'MODERADO',NOW(),DATE_ADD(DATE(NOW()), INTERVAL  5 DAY),'PREDICCION',NOW(),NOW()),
(7,0.38,'MODERADO',NOW(),DATE_ADD(DATE(NOW()), INTERVAL  6 DAY),'PREDICCION',NOW(),NOW()),
(7,0.40,'MODERADO',NOW(),DATE_ADD(DATE(NOW()), INTERVAL  7 DAY),'PREDICCION',NOW(),NOW()),
(7,0.39,'MODERADO',NOW(),DATE_ADD(DATE(NOW()), INTERVAL  8 DAY),'PREDICCION',NOW(),NOW()),
(7,0.38,'MODERADO',NOW(),DATE_ADD(DATE(NOW()), INTERVAL  9 DAY),'PREDICCION',NOW(),NOW()),
(7,0.39,'MODERADO',NOW(),DATE_ADD(DATE(NOW()), INTERVAL 10 DAY),'PREDICCION',NOW(),NOW()),
-- Iztacalco (8)
(8,0.36,'MODERADO',NOW(),DATE_ADD(DATE(NOW()), INTERVAL  1 DAY),'PREDICCION',NOW(),NOW()),
(8,0.37,'MODERADO',NOW(),DATE_ADD(DATE(NOW()), INTERVAL  2 DAY),'PREDICCION',NOW(),NOW()),
(8,0.36,'MODERADO',NOW(),DATE_ADD(DATE(NOW()), INTERVAL  3 DAY),'PREDICCION',NOW(),NOW()),
(8,0.35,'MODERADO',NOW(),DATE_ADD(DATE(NOW()), INTERVAL  4 DAY),'PREDICCION',NOW(),NOW()),
(8,0.37,'MODERADO',NOW(),DATE_ADD(DATE(NOW()), INTERVAL  5 DAY),'PREDICCION',NOW(),NOW()),
(8,0.36,'MODERADO',NOW(),DATE_ADD(DATE(NOW()), INTERVAL  6 DAY),'PREDICCION',NOW(),NOW()),
(8,0.38,'MODERADO',NOW(),DATE_ADD(DATE(NOW()), INTERVAL  7 DAY),'PREDICCION',NOW(),NOW()),
(8,0.37,'MODERADO',NOW(),DATE_ADD(DATE(NOW()), INTERVAL  8 DAY),'PREDICCION',NOW(),NOW()),
(8,0.36,'MODERADO',NOW(),DATE_ADD(DATE(NOW()), INTERVAL  9 DAY),'PREDICCION',NOW(),NOW()),
(8,0.37,'MODERADO',NOW(),DATE_ADD(DATE(NOW()), INTERVAL 10 DAY),'PREDICCION',NOW(),NOW()),
-- Iztapalapa (9)
(9,0.55,'ALTO',    NOW(),DATE_ADD(DATE(NOW()), INTERVAL  1 DAY),'PREDICCION',NOW(),NOW()),
(9,0.56,'ALTO',    NOW(),DATE_ADD(DATE(NOW()), INTERVAL  2 DAY),'PREDICCION',NOW(),NOW()),
(9,0.55,'ALTO',    NOW(),DATE_ADD(DATE(NOW()), INTERVAL  3 DAY),'PREDICCION',NOW(),NOW()),
(9,0.54,'ALTO',    NOW(),DATE_ADD(DATE(NOW()), INTERVAL  4 DAY),'PREDICCION',NOW(),NOW()),
(9,0.56,'ALTO',    NOW(),DATE_ADD(DATE(NOW()), INTERVAL  5 DAY),'PREDICCION',NOW(),NOW()),
(9,0.55,'ALTO',    NOW(),DATE_ADD(DATE(NOW()), INTERVAL  6 DAY),'PREDICCION',NOW(),NOW()),
(9,0.57,'ALTO',    NOW(),DATE_ADD(DATE(NOW()), INTERVAL  7 DAY),'PREDICCION',NOW(),NOW()),
(9,0.56,'ALTO',    NOW(),DATE_ADD(DATE(NOW()), INTERVAL  8 DAY),'PREDICCION',NOW(),NOW()),
(9,0.55,'ALTO',    NOW(),DATE_ADD(DATE(NOW()), INTERVAL  9 DAY),'PREDICCION',NOW(),NOW()),
(9,0.56,'ALTO',    NOW(),DATE_ADD(DATE(NOW()), INTERVAL 10 DAY),'PREDICCION',NOW(),NOW()),
-- La Magdalena Contreras (10)
(10,0.20,'BAJO',   NOW(),DATE_ADD(DATE(NOW()), INTERVAL  1 DAY),'PREDICCION',NOW(),NOW()),
(10,0.21,'BAJO',   NOW(),DATE_ADD(DATE(NOW()), INTERVAL  2 DAY),'PREDICCION',NOW(),NOW()),
(10,0.20,'BAJO',   NOW(),DATE_ADD(DATE(NOW()), INTERVAL  3 DAY),'PREDICCION',NOW(),NOW()),
(10,0.19,'BAJO',   NOW(),DATE_ADD(DATE(NOW()), INTERVAL  4 DAY),'PREDICCION',NOW(),NOW()),
(10,0.21,'BAJO',   NOW(),DATE_ADD(DATE(NOW()), INTERVAL  5 DAY),'PREDICCION',NOW(),NOW()),
(10,0.20,'BAJO',   NOW(),DATE_ADD(DATE(NOW()), INTERVAL  6 DAY),'PREDICCION',NOW(),NOW()),
(10,0.22,'BAJO',   NOW(),DATE_ADD(DATE(NOW()), INTERVAL  7 DAY),'PREDICCION',NOW(),NOW()),
(10,0.21,'BAJO',   NOW(),DATE_ADD(DATE(NOW()), INTERVAL  8 DAY),'PREDICCION',NOW(),NOW()),
(10,0.20,'BAJO',   NOW(),DATE_ADD(DATE(NOW()), INTERVAL  9 DAY),'PREDICCION',NOW(),NOW()),
(10,0.21,'BAJO',   NOW(),DATE_ADD(DATE(NOW()), INTERVAL 10 DAY),'PREDICCION',NOW(),NOW()),
-- Miguel Hidalgo (11)
(11,0.25,'BAJO',   NOW(),DATE_ADD(DATE(NOW()), INTERVAL  1 DAY),'PREDICCION',NOW(),NOW()),
(11,0.26,'MODERADO',NOW(),DATE_ADD(DATE(NOW()), INTERVAL  2 DAY),'PREDICCION',NOW(),NOW()),
(11,0.25,'BAJO',   NOW(),DATE_ADD(DATE(NOW()), INTERVAL  3 DAY),'PREDICCION',NOW(),NOW()),
(11,0.24,'BAJO',   NOW(),DATE_ADD(DATE(NOW()), INTERVAL  4 DAY),'PREDICCION',NOW(),NOW()),
(11,0.26,'MODERADO',NOW(),DATE_ADD(DATE(NOW()), INTERVAL  5 DAY),'PREDICCION',NOW(),NOW()),
(11,0.25,'BAJO',   NOW(),DATE_ADD(DATE(NOW()), INTERVAL  6 DAY),'PREDICCION',NOW(),NOW()),
(11,0.27,'MODERADO',NOW(),DATE_ADD(DATE(NOW()), INTERVAL  7 DAY),'PREDICCION',NOW(),NOW()),
(11,0.26,'MODERADO',NOW(),DATE_ADD(DATE(NOW()), INTERVAL  8 DAY),'PREDICCION',NOW(),NOW()),
(11,0.25,'BAJO',   NOW(),DATE_ADD(DATE(NOW()), INTERVAL  9 DAY),'PREDICCION',NOW(),NOW()),
(11,0.26,'MODERADO',NOW(),DATE_ADD(DATE(NOW()), INTERVAL 10 DAY),'PREDICCION',NOW(),NOW()),
-- Milpa Alta (12)
(12,0.17,'BAJO',   NOW(),DATE_ADD(DATE(NOW()), INTERVAL  1 DAY),'PREDICCION',NOW(),NOW()),
(12,0.18,'BAJO',   NOW(),DATE_ADD(DATE(NOW()), INTERVAL  2 DAY),'PREDICCION',NOW(),NOW()),
(12,0.17,'BAJO',   NOW(),DATE_ADD(DATE(NOW()), INTERVAL  3 DAY),'PREDICCION',NOW(),NOW()),
(12,0.16,'BAJO',   NOW(),DATE_ADD(DATE(NOW()), INTERVAL  4 DAY),'PREDICCION',NOW(),NOW()),
(12,0.18,'BAJO',   NOW(),DATE_ADD(DATE(NOW()), INTERVAL  5 DAY),'PREDICCION',NOW(),NOW()),
(12,0.17,'BAJO',   NOW(),DATE_ADD(DATE(NOW()), INTERVAL  6 DAY),'PREDICCION',NOW(),NOW()),
(12,0.19,'BAJO',   NOW(),DATE_ADD(DATE(NOW()), INTERVAL  7 DAY),'PREDICCION',NOW(),NOW()),
(12,0.18,'BAJO',   NOW(),DATE_ADD(DATE(NOW()), INTERVAL  8 DAY),'PREDICCION',NOW(),NOW()),
(12,0.17,'BAJO',   NOW(),DATE_ADD(DATE(NOW()), INTERVAL  9 DAY),'PREDICCION',NOW(),NOW()),
(12,0.18,'BAJO',   NOW(),DATE_ADD(DATE(NOW()), INTERVAL 10 DAY),'PREDICCION',NOW(),NOW()),
-- Tláhuac (13)
(13,0.40,'MODERADO',NOW(),DATE_ADD(DATE(NOW()), INTERVAL  1 DAY),'PREDICCION',NOW(),NOW()),
(13,0.41,'MODERADO',NOW(),DATE_ADD(DATE(NOW()), INTERVAL  2 DAY),'PREDICCION',NOW(),NOW()),
(13,0.40,'MODERADO',NOW(),DATE_ADD(DATE(NOW()), INTERVAL  3 DAY),'PREDICCION',NOW(),NOW()),
(13,0.39,'MODERADO',NOW(),DATE_ADD(DATE(NOW()), INTERVAL  4 DAY),'PREDICCION',NOW(),NOW()),
(13,0.41,'MODERADO',NOW(),DATE_ADD(DATE(NOW()), INTERVAL  5 DAY),'PREDICCION',NOW(),NOW()),
(13,0.40,'MODERADO',NOW(),DATE_ADD(DATE(NOW()), INTERVAL  6 DAY),'PREDICCION',NOW(),NOW()),
(13,0.42,'MODERADO',NOW(),DATE_ADD(DATE(NOW()), INTERVAL  7 DAY),'PREDICCION',NOW(),NOW()),
(13,0.41,'MODERADO',NOW(),DATE_ADD(DATE(NOW()), INTERVAL  8 DAY),'PREDICCION',NOW(),NOW()),
(13,0.40,'MODERADO',NOW(),DATE_ADD(DATE(NOW()), INTERVAL  9 DAY),'PREDICCION',NOW(),NOW()),
(13,0.41,'MODERADO',NOW(),DATE_ADD(DATE(NOW()), INTERVAL 10 DAY),'PREDICCION',NOW(),NOW()),
-- Tlalpan (14)
(14,0.18,'BAJO',   NOW(),DATE_ADD(DATE(NOW()), INTERVAL  1 DAY),'PREDICCION',NOW(),NOW()),
(14,0.19,'BAJO',   NOW(),DATE_ADD(DATE(NOW()), INTERVAL  2 DAY),'PREDICCION',NOW(),NOW()),
(14,0.18,'BAJO',   NOW(),DATE_ADD(DATE(NOW()), INTERVAL  3 DAY),'PREDICCION',NOW(),NOW()),
(14,0.17,'BAJO',   NOW(),DATE_ADD(DATE(NOW()), INTERVAL  4 DAY),'PREDICCION',NOW(),NOW()),
(14,0.19,'BAJO',   NOW(),DATE_ADD(DATE(NOW()), INTERVAL  5 DAY),'PREDICCION',NOW(),NOW()),
(14,0.18,'BAJO',   NOW(),DATE_ADD(DATE(NOW()), INTERVAL  6 DAY),'PREDICCION',NOW(),NOW()),
(14,0.20,'BAJO',   NOW(),DATE_ADD(DATE(NOW()), INTERVAL  7 DAY),'PREDICCION',NOW(),NOW()),
(14,0.19,'BAJO',   NOW(),DATE_ADD(DATE(NOW()), INTERVAL  8 DAY),'PREDICCION',NOW(),NOW()),
(14,0.18,'BAJO',   NOW(),DATE_ADD(DATE(NOW()), INTERVAL  9 DAY),'PREDICCION',NOW(),NOW()),
(14,0.19,'BAJO',   NOW(),DATE_ADD(DATE(NOW()), INTERVAL 10 DAY),'PREDICCION',NOW(),NOW()),
-- Venustiano Carranza (15)
(15,0.49,'MODERADO',NOW(),DATE_ADD(DATE(NOW()), INTERVAL  1 DAY),'PREDICCION',NOW(),NOW()),
(15,0.50,'MODERADO',NOW(),DATE_ADD(DATE(NOW()), INTERVAL  2 DAY),'PREDICCION',NOW(),NOW()),
(15,0.49,'MODERADO',NOW(),DATE_ADD(DATE(NOW()), INTERVAL  3 DAY),'PREDICCION',NOW(),NOW()),
(15,0.48,'MODERADO',NOW(),DATE_ADD(DATE(NOW()), INTERVAL  4 DAY),'PREDICCION',NOW(),NOW()),
(15,0.50,'MODERADO',NOW(),DATE_ADD(DATE(NOW()), INTERVAL  5 DAY),'PREDICCION',NOW(),NOW()),
(15,0.49,'MODERADO',NOW(),DATE_ADD(DATE(NOW()), INTERVAL  6 DAY),'PREDICCION',NOW(),NOW()),
(15,0.51,'ALTO',   NOW(),DATE_ADD(DATE(NOW()), INTERVAL  7 DAY),'PREDICCION',NOW(),NOW()),
(15,0.50,'MODERADO',NOW(),DATE_ADD(DATE(NOW()), INTERVAL  8 DAY),'PREDICCION',NOW(),NOW()),
(15,0.49,'MODERADO',NOW(),DATE_ADD(DATE(NOW()), INTERVAL  9 DAY),'PREDICCION',NOW(),NOW()),
(15,0.50,'MODERADO',NOW(),DATE_ADD(DATE(NOW()), INTERVAL 10 DAY),'PREDICCION',NOW(),NOW()),
-- Xochimilco (16)
(16,0.28,'MODERADO',NOW(),DATE_ADD(DATE(NOW()), INTERVAL  1 DAY),'PREDICCION',NOW(),NOW()),
(16,0.29,'MODERADO',NOW(),DATE_ADD(DATE(NOW()), INTERVAL  2 DAY),'PREDICCION',NOW(),NOW()),
(16,0.28,'MODERADO',NOW(),DATE_ADD(DATE(NOW()), INTERVAL  3 DAY),'PREDICCION',NOW(),NOW()),
(16,0.27,'MODERADO',NOW(),DATE_ADD(DATE(NOW()), INTERVAL  4 DAY),'PREDICCION',NOW(),NOW()),
(16,0.29,'MODERADO',NOW(),DATE_ADD(DATE(NOW()), INTERVAL  5 DAY),'PREDICCION',NOW(),NOW()),
(16,0.28,'MODERADO',NOW(),DATE_ADD(DATE(NOW()), INTERVAL  6 DAY),'PREDICCION',NOW(),NOW()),
(16,0.30,'MODERADO',NOW(),DATE_ADD(DATE(NOW()), INTERVAL  7 DAY),'PREDICCION',NOW(),NOW()),
(16,0.29,'MODERADO',NOW(),DATE_ADD(DATE(NOW()), INTERVAL  8 DAY),'PREDICCION',NOW(),NOW()),
(16,0.28,'MODERADO',NOW(),DATE_ADD(DATE(NOW()), INTERVAL  9 DAY),'PREDICCION',NOW(),NOW()),
(16,0.29,'MODERADO',NOW(),DATE_ADD(DATE(NOW()), INTERVAL 10 DAY),'PREDICCION',NOW(),NOW());
